city,latitude,longitude,timepoint,main_weather,feels_like,humidity,wind_speed,city_id
Mont Saint Michel,48.6359541,-1.511459954959514,1719435600,broken clouds,22.89,77,4.01,25
Mont Saint Michel,48.6359541,-1.511459954959514,1719446400,broken clouds,19.72,84,3.43,25
Mont Saint Michel,48.6359541,-1.511459954959514,1719457200,broken clouds,15.12,95,2.98,25
Mont Saint Michel,48.6359541,-1.511459954959514,1719468000,overcast clouds,16.14,91,3.8,25
Mont Saint Michel,48.6359541,-1.511459954959514,1719478800,overcast clouds,18.35,79,5.2,25
Mont Saint Michel,48.6359541,-1.511459954959514,1719489600,broken clouds,18.98,57,4.63,25
Mont Saint Michel,48.6359541,-1.511459954959514,1719500400,overcast clouds,18.14,81,6.58,25
Mont Saint Michel,48.6359541,-1.511459954959514,1719511200,overcast clouds,16.3,78,5.31,25
Mont Saint Michel,48.6359541,-1.511459954959514,1719522000,scattered clouds,13.24,82,4.39,25
Mont Saint Michel,48.6359541,-1.511459954959514,1719532800,broken clouds,12.21,85,3.95,25
Mont Saint Michel,48.6359541,-1.511459954959514,1719543600,broken clouds,11.6,85,3.75,25
Mont Saint Michel,48.6359541,-1.511459954959514,1719554400,broken clouds,13.63,79,2.26,25
Mont Saint Michel,48.6359541,-1.511459954959514,1719565200,overcast clouds,16.13,66,3.54,25
Mont Saint Michel,48.6359541,-1.511459954959514,1719576000,broken clouds,17.38,62,3.75,25
Mont Saint Michel,48.6359541,-1.511459954959514,1719586800,clear sky,17.05,63,4.18,25
Mont Saint Michel,48.6359541,-1.511459954959514,1719597600,clear sky,15.74,68,4.62,25
Mont Saint Michel,48.6359541,-1.511459954959514,1719608400,few clouds,11.33,86,3.51,25
Mont Saint Michel,48.6359541,-1.511459954959514,1719619200,scattered clouds,10.39,92,2.92,25
Mont Saint Michel,48.6359541,-1.511459954959514,1719630000,scattered clouds,9.73,91,2.6,25
Mont Saint Michel,48.6359541,-1.511459954959514,1719640800,broken clouds,12.04,85,3.16,25
Mont Saint Michel,48.6359541,-1.511459954959514,1719651600,overcast clouds,17.95,65,2.89,25
Mont Saint Michel,48.6359541,-1.511459954959514,1719662400,overcast clouds,19.36,62,4.41,25
Mont Saint Michel,48.6359541,-1.511459954959514,1719673200,overcast clouds,19.15,65,5.07,25
Mont Saint Michel,48.6359541,-1.511459954959514,1719684000,overcast clouds,16.96,68,3.58,25
Mont Saint Michel,48.6359541,-1.511459954959514,1719694800,overcast clouds,14.8,75,4.75,25
Mont Saint Michel,48.6359541,-1.511459954959514,1719705600,overcast clouds,12.94,79,3.4,25
Mont Saint Michel,48.6359541,-1.511459954959514,1719716400,overcast clouds,13.76,93,2.78,25
Mont Saint Michel,48.6359541,-1.511459954959514,1719727200,overcast clouds,15.75,91,3.66,25
Mont Saint Michel,48.6359541,-1.511459954959514,1719738000,overcast clouds,17.67,81,4.84,25
Mont Saint Michel,48.6359541,-1.511459954959514,1719748800,overcast clouds,19.12,77,4.41,25
Mont Saint Michel,48.6359541,-1.511459954959514,1719759600,light rain,19.5,73,5.89,25
Mont Saint Michel,48.6359541,-1.511459954959514,1719770400,overcast clouds,18.03,81,5.27,25
Mont Saint Michel,48.6359541,-1.511459954959514,1719781200,overcast clouds,15.18,95,3.23,25
Mont Saint Michel,48.6359541,-1.511459954959514,1719792000,overcast clouds,14.22,95,3.41,25
Mont Saint Michel,48.6359541,-1.511459954959514,1719802800,few clouds,13.29,94,3.29,25
Mont Saint Michel,48.6359541,-1.511459954959514,1719813600,few clouds,14.65,92,3.6,25
Mont Saint Michel,48.6359541,-1.511459954959514,1719824400,broken clouds,17.13,80,3.76,25
Mont Saint Michel,48.6359541,-1.511459954959514,1719835200,broken clouds,19.85,64,3.52,25
Mont Saint Michel,48.6359541,-1.511459954959514,1719846000,broken clouds,17.8,77,4.91,25
Mont Saint Michel,48.6359541,-1.511459954959514,1719856800,light rain,17.08,91,3.78,25
St Malo,48.649518,-2.0260409,1719435600,scattered clouds,20.39,78,5.28,31
St Malo,48.649518,-2.0260409,1719446400,scattered clouds,18.06,87,4.61,31
St Malo,48.649518,-2.0260409,1719457200,broken clouds,14.82,95,4.39,31
St Malo,48.649518,-2.0260409,1719468000,overcast clouds,15.67,91,4.02,31
St Malo,48.649518,-2.0260409,1719478800,broken clouds,17.2,79,4.89,31
St Malo,48.649518,-2.0260409,1719489600,broken clouds,18.27,73,4.7,31
St Malo,48.649518,-2.0260409,1719500400,overcast clouds,16.39,81,7.35,31
St Malo,48.649518,-2.0260409,1719511200,overcast clouds,15.89,79,7.1,31
St Malo,48.649518,-2.0260409,1719522000,scattered clouds,14.12,82,6.06,31
St Malo,48.649518,-2.0260409,1719532800,broken clouds,13.16,84,5.14,31
St Malo,48.649518,-2.0260409,1719543600,broken clouds,12.69,82,4.98,31
St Malo,48.649518,-2.0260409,1719554400,broken clouds,13.85,76,3.86,31
St Malo,48.649518,-2.0260409,1719565200,overcast clouds,15.48,66,3.72,31
St Malo,48.649518,-2.0260409,1719576000,broken clouds,16.26,63,3.52,31
St Malo,48.649518,-2.0260409,1719586800,clear sky,16.1,65,3.73,31
St Malo,48.649518,-2.0260409,1719597600,clear sky,15.36,67,4.28,31
St Malo,48.649518,-2.0260409,1719608400,clear sky,13.19,79,3.65,31
St Malo,48.649518,-2.0260409,1719619200,scattered clouds,13.15,80,3.73,31
St Malo,48.649518,-2.0260409,1719630000,overcast clouds,12.64,83,3.67,31
St Malo,48.649518,-2.0260409,1719640800,overcast clouds,13.86,79,4.2,31
St Malo,48.649518,-2.0260409,1719651600,overcast clouds,15.51,68,4.16,31
St Malo,48.649518,-2.0260409,1719662400,overcast clouds,16.73,65,4.92,31
St Malo,48.649518,-2.0260409,1719673200,overcast clouds,16.35,75,6.7,31
St Malo,48.649518,-2.0260409,1719684000,overcast clouds,16.25,78,5.24,31
St Malo,48.649518,-2.0260409,1719694800,overcast clouds,14.55,80,5.78,31
St Malo,48.649518,-2.0260409,1719705600,overcast clouds,14.23,83,4.72,31
St Malo,48.649518,-2.0260409,1719716400,broken clouds,14.68,93,4.7,31
St Malo,48.649518,-2.0260409,1719727200,broken clouds,15.54,91,5.12,31
St Malo,48.649518,-2.0260409,1719738000,overcast clouds,17.21,84,5.17,31
St Malo,48.649518,-2.0260409,1719748800,overcast clouds,18.56,80,5.16,31
St Malo,48.649518,-2.0260409,1719759600,light rain,18.28,79,6.61,31
St Malo,48.649518,-2.0260409,1719770400,broken clouds,17.62,83,5.78,31
St Malo,48.649518,-2.0260409,1719781200,overcast clouds,15.5,95,4.25,31
St Malo,48.649518,-2.0260409,1719792000,broken clouds,14.71,95,4.32,31
St Malo,48.649518,-2.0260409,1719802800,clear sky,13.99,92,4.4,31
St Malo,48.649518,-2.0260409,1719813600,few clouds,14.3,94,4.84,31
St Malo,48.649518,-2.0260409,1719824400,broken clouds,15.82,83,4.11,31
St Malo,48.649518,-2.0260409,1719835200,scattered clouds,18.96,68,3.87,31
St Malo,48.649518,-2.0260409,1719846000,overcast clouds,17.23,85,5.65,31
St Malo,48.649518,-2.0260409,1719856800,light rain,17.94,86,6.11,31
Bayeux,49.2764624,-0.7024738,1719435600,scattered clouds,22.95,78,1.12,7
Bayeux,49.2764624,-0.7024738,1719446400,scattered clouds,20.24,80,2.52,7
Bayeux,49.2764624,-0.7024738,1719457200,few clouds,14.56,95,3.28,7
Bayeux,49.2764624,-0.7024738,1719468000,broken clouds,16.03,88,4.79,7
Bayeux,49.2764624,-0.7024738,1719478800,overcast clouds,19.36,72,4.82,7
Bayeux,49.2764624,-0.7024738,1719489600,broken clouds,20.95,49,5.65,7
Bayeux,49.2764624,-0.7024738,1719500400,overcast clouds,19.2,74,6.9,7
Bayeux,49.2764624,-0.7024738,1719511200,overcast clouds,17.08,72,5.52,7
Bayeux,49.2764624,-0.7024738,1719522000,scattered clouds,11.17,93,3.98,7
Bayeux,49.2764624,-0.7024738,1719532800,broken clouds,9.95,94,3.8,7
Bayeux,49.2764624,-0.7024738,1719543600,overcast clouds,7.95,94,3.46,7
Bayeux,49.2764624,-0.7024738,1719554400,overcast clouds,11.59,86,2.85,7
Bayeux,49.2764624,-0.7024738,1719565200,overcast clouds,15.91,62,3.26,7
Bayeux,49.2764624,-0.7024738,1719576000,broken clouds,18.62,54,2.44,7
Bayeux,49.2764624,-0.7024738,1719586800,clear sky,17.47,64,4.41,7
Bayeux,49.2764624,-0.7024738,1719597600,clear sky,14.98,71,3.36,7
Bayeux,49.2764624,-0.7024738,1719608400,few clouds,10.87,88,1.83,7
Bayeux,49.2764624,-0.7024738,1719619200,few clouds,10.54,88,1.69,7
Bayeux,49.2764624,-0.7024738,1719630000,scattered clouds,10.29,89,1.91,7
Bayeux,49.2764624,-0.7024738,1719640800,broken clouds,13.3,81,2.0,7
Bayeux,49.2764624,-0.7024738,1719651600,broken clouds,16.55,61,4.02,7
Bayeux,49.2764624,-0.7024738,1719662400,overcast clouds,17.16,57,4.72,7
Bayeux,49.2764624,-0.7024738,1719673200,overcast clouds,16.41,65,4.49,7
Bayeux,49.2764624,-0.7024738,1719684000,overcast clouds,14.66,81,2.76,7
Bayeux,49.2764624,-0.7024738,1719694800,overcast clouds,14.3,82,4.33,7
Bayeux,49.2764624,-0.7024738,1719705600,overcast clouds,12.6,80,3.48,7
Bayeux,49.2764624,-0.7024738,1719716400,overcast clouds,12.19,92,3.72,7
Bayeux,49.2764624,-0.7024738,1719727200,overcast clouds,14.17,88,4.15,7
Bayeux,49.2764624,-0.7024738,1719738000,overcast clouds,16.77,81,4.26,7
Bayeux,49.2764624,-0.7024738,1719748800,light rain,20.08,73,6.04,7
Bayeux,49.2764624,-0.7024738,1719759600,light rain,19.77,77,6.37,7
Bayeux,49.2764624,-0.7024738,1719770400,light rain,18.71,76,5.77,7
Bayeux,49.2764624,-0.7024738,1719781200,overcast clouds,13.36,95,4.1,7
Bayeux,49.2764624,-0.7024738,1719792000,overcast clouds,11.12,94,3.93,7
Bayeux,49.2764624,-0.7024738,1719802800,overcast clouds,10.43,94,3.95,7
Bayeux,49.2764624,-0.7024738,1719813600,scattered clouds,12.93,89,3.91,7
Bayeux,49.2764624,-0.7024738,1719824400,clear sky,18.43,62,5.54,7
Bayeux,49.2764624,-0.7024738,1719835200,scattered clouds,20.36,56,7.08,7
Bayeux,49.2764624,-0.7024738,1719846000,broken clouds,19.58,68,7.1,7
Bayeux,49.2764624,-0.7024738,1719856800,light rain,15.85,94,5.81,7
Le Havre,49.4938975,0.1079732,1719435600,few clouds,23.54,57,1.16,21
Le Havre,49.4938975,0.1079732,1719446400,scattered clouds,20.97,69,1.59,21
Le Havre,49.4938975,0.1079732,1719457200,clear sky,17.27,88,4.53,21
Le Havre,49.4938975,0.1079732,1719468000,scattered clouds,17.3,88,4.73,21
Le Havre,49.4938975,0.1079732,1719478800,overcast clouds,17.06,85,5.88,21
Le Havre,49.4938975,0.1079732,1719489600,broken clouds,17.88,80,3.36,21
Le Havre,49.4938975,0.1079732,1719500400,overcast clouds,17.35,81,4.91,21
Le Havre,49.4938975,0.1079732,1719511200,overcast clouds,16.93,79,5.42,21
Le Havre,49.4938975,0.1079732,1719522000,few clouds,15.55,78,6.6,21
Le Havre,49.4938975,0.1079732,1719532800,broken clouds,14.77,78,6.9,21
Le Havre,49.4938975,0.1079732,1719543600,broken clouds,14.27,79,6.2,21
Le Havre,49.4938975,0.1079732,1719554400,overcast clouds,14.41,75,5.43,21
Le Havre,49.4938975,0.1079732,1719565200,overcast clouds,14.95,71,4.42,21
Le Havre,49.4938975,0.1079732,1719576000,overcast clouds,15.5,64,3.14,21
Le Havre,49.4938975,0.1079732,1719586800,clear sky,15.33,69,3.35,21
Le Havre,49.4938975,0.1079732,1719597600,clear sky,15.4,69,4.12,21
Le Havre,49.4938975,0.1079732,1719608400,clear sky,14.0,73,2.38,21
Le Havre,49.4938975,0.1079732,1719619200,clear sky,13.5,72,2.25,21
Le Havre,49.4938975,0.1079732,1719630000,few clouds,12.77,74,2.45,21
Le Havre,49.4938975,0.1079732,1719640800,scattered clouds,12.94,70,2.61,21
Le Havre,49.4938975,0.1079732,1719651600,broken clouds,16.64,54,2.69,21
Le Havre,49.4938975,0.1079732,1719662400,broken clouds,17.84,60,6.05,21
Le Havre,49.4938975,0.1079732,1719673200,overcast clouds,17.14,64,7.13,21
Le Havre,49.4938975,0.1079732,1719684000,overcast clouds,16.11,71,5.27,21
Le Havre,49.4938975,0.1079732,1719694800,overcast clouds,15.99,74,4.38,21
Le Havre,49.4938975,0.1079732,1719705600,overcast clouds,16.03,77,4.46,21
Le Havre,49.4938975,0.1079732,1719716400,overcast clouds,16.24,89,5.34,21
Le Havre,49.4938975,0.1079732,1719727200,overcast clouds,16.28,88,4.77,21
Le Havre,49.4938975,0.1079732,1719738000,overcast clouds,16.66,85,5.77,21
Le Havre,49.4938975,0.1079732,1719748800,overcast clouds,17.26,83,3.18,21
Le Havre,49.4938975,0.1079732,1719759600,overcast clouds,17.45,86,4.09,21
Le Havre,49.4938975,0.1079732,1719770400,broken clouds,17.43,86,6.32,21
Le Havre,49.4938975,0.1079732,1719781200,broken clouds,16.66,86,5.54,21
Le Havre,49.4938975,0.1079732,1719792000,broken clouds,15.55,82,6.04,21
Le Havre,49.4938975,0.1079732,1719802800,broken clouds,15.11,81,5.59,21
Le Havre,49.4938975,0.1079732,1719813600,broken clouds,15.2,77,5.94,21
Le Havre,49.4938975,0.1079732,1719824400,clear sky,16.03,74,5.58,21
Le Havre,49.4938975,0.1079732,1719835200,scattered clouds,17.9,71,5.44,21
Le Havre,49.4938975,0.1079732,1719846000,broken clouds,18.11,74,6.98,21
Le Havre,49.4938975,0.1079732,1719856800,light rain,16.67,93,7.25,21
Rouen,49.4404591,1.0939658,1719435600,clear sky,24.1,64,1.36,29
Rouen,49.4404591,1.0939658,1719446400,few clouds,21.77,68,0.36,29
Rouen,49.4404591,1.0939658,1719457200,overcast clouds,20.48,71,0.57,29
Rouen,49.4404591,1.0939658,1719468000,overcast clouds,20.03,80,1.7,29
Rouen,49.4404591,1.0939658,1719478800,overcast clouds,21.59,74,5.13,29
Rouen,49.4404591,1.0939658,1719489600,overcast clouds,22.69,60,5.62,29
Rouen,49.4404591,1.0939658,1719500400,overcast clouds,22.05,59,5.9,29
Rouen,49.4404591,1.0939658,1719511200,overcast clouds,18.81,82,4.97,29
Rouen,49.4404591,1.0939658,1719522000,broken clouds,12.93,92,3.25,29
Rouen,49.4404591,1.0939658,1719532800,broken clouds,10.82,94,2.71,29
Rouen,49.4404591,1.0939658,1719543600,overcast clouds,10.1,94,2.71,29
Rouen,49.4404591,1.0939658,1719554400,overcast clouds,12.59,87,2.43,29
Rouen,49.4404591,1.0939658,1719565200,overcast clouds,16.83,64,3.18,29
Rouen,49.4404591,1.0939658,1719576000,overcast clouds,19.43,54,3.1,29
Rouen,49.4404591,1.0939658,1719586800,broken clouds,20.36,49,3.56,29
Rouen,49.4404591,1.0939658,1719597600,scattered clouds,18.29,63,3.36,29
Rouen,49.4404591,1.0939658,1719608400,clear sky,11.64,87,2.6,29
Rouen,49.4404591,1.0939658,1719619200,clear sky,9.93,86,2.1,29
Rouen,49.4404591,1.0939658,1719630000,clear sky,8.93,83,2.04,29
Rouen,49.4404591,1.0939658,1719640800,few clouds,12.59,72,2.01,29
Rouen,49.4404591,1.0939658,1719651600,overcast clouds,17.84,59,2.79,29
Rouen,49.4404591,1.0939658,1719662400,overcast clouds,20.61,56,3.63,29
Rouen,49.4404591,1.0939658,1719673200,overcast clouds,19.56,63,3.36,29
Rouen,49.4404591,1.0939658,1719684000,overcast clouds,17.63,73,4.08,29
Rouen,49.4404591,1.0939658,1719694800,overcast clouds,15.54,75,4.59,29
Rouen,49.4404591,1.0939658,1719705600,overcast clouds,15.24,74,4.7,29
Rouen,49.4404591,1.0939658,1719716400,overcast clouds,14.18,81,2.63,29
Rouen,49.4404591,1.0939658,1719727200,overcast clouds,15.51,88,3.37,29
Rouen,49.4404591,1.0939658,1719738000,overcast clouds,19.8,69,5.04,29
Rouen,49.4404591,1.0939658,1719748800,light rain,20.01,77,5.76,29
Rouen,49.4404591,1.0939658,1719759600,light rain,21.56,65,6.04,29
Rouen,49.4404591,1.0939658,1719770400,light rain,19.38,77,5.74,29
Rouen,49.4404591,1.0939658,1719781200,few clouds,14.06,91,3.21,29
Rouen,49.4404591,1.0939658,1719792000,few clouds,12.47,96,2.93,29
Rouen,49.4404591,1.0939658,1719802800,clear sky,11.08,95,2.85,29
Rouen,49.4404591,1.0939658,1719813600,few clouds,13.53,89,3.52,29
Rouen,49.4404591,1.0939658,1719824400,clear sky,18.31,60,5.0,29
Rouen,49.4404591,1.0939658,1719835200,scattered clouds,21.09,53,5.93,29
Rouen,49.4404591,1.0939658,1719846000,broken clouds,21.91,60,6.54,29
Rouen,49.4404591,1.0939658,1719856800,broken clouds,18.98,73,4.81,29
Paris,48.8588897,2.3200410217200766,1719435600,scattered clouds,28.61,50,1.4,28
Paris,48.8588897,2.3200410217200766,1719446400,broken clouds,25.82,62,0.8,28
Paris,48.8588897,2.3200410217200766,1719457200,clear sky,21.76,79,0.87,28
Paris,48.8588897,2.3200410217200766,1719468000,scattered clouds,23.58,68,1.32,28
Paris,48.8588897,2.3200410217200766,1719478800,broken clouds,28.11,49,3.01,28
Paris,48.8588897,2.3200410217200766,1719489600,light rain,28.21,57,4.92,28
Paris,48.8588897,2.3200410217200766,1719500400,light rain,28.97,45,4.42,28
Paris,48.8588897,2.3200410217200766,1719511200,overcast clouds,24.94,51,3.98,28
Paris,48.8588897,2.3200410217200766,1719522000,overcast clouds,20.26,63,3.32,28
Paris,48.8588897,2.3200410217200766,1719532800,broken clouds,17.3,68,3.5,28
Paris,48.8588897,2.3200410217200766,1719543600,broken clouds,15.04,70,2.82,28
Paris,48.8588897,2.3200410217200766,1719554400,broken clouds,14.91,66,2.43,28
Paris,48.8588897,2.3200410217200766,1719565200,broken clouds,19.46,42,1.72,28
Paris,48.8588897,2.3200410217200766,1719576000,scattered clouds,23.83,27,2.05,28
Paris,48.8588897,2.3200410217200766,1719586800,clear sky,26.28,24,2.36,28
Paris,48.8588897,2.3200410217200766,1719597600,few clouds,23.31,35,3.38,28
Paris,48.8588897,2.3200410217200766,1719608400,clear sky,19.65,53,2.06,28
Paris,48.8588897,2.3200410217200766,1719619200,clear sky,16.68,69,2.96,28
Paris,48.8588897,2.3200410217200766,1719630000,few clouds,15.06,73,2.74,28
Paris,48.8588897,2.3200410217200766,1719640800,broken clouds,15.45,71,3.05,28
Paris,48.8588897,2.3200410217200766,1719651600,light rain,17.19,67,3.05,28
Paris,48.8588897,2.3200410217200766,1719662400,light rain,19.08,72,2.76,28
Paris,48.8588897,2.3200410217200766,1719673200,light rain,22.85,58,3.54,28
Paris,48.8588897,2.3200410217200766,1719684000,light rain,21.43,68,4.13,28
Paris,48.8588897,2.3200410217200766,1719694800,moderate rain,18.34,91,3.17,28
Paris,48.8588897,2.3200410217200766,1719705600,light rain,15.68,93,4.44,28
Paris,48.8588897,2.3200410217200766,1719716400,light rain,14.71,91,4.0,28
Paris,48.8588897,2.3200410217200766,1719727200,overcast clouds,14.65,81,3.05,28
Paris,48.8588897,2.3200410217200766,1719738000,overcast clouds,16.32,81,3.25,28
Paris,48.8588897,2.3200410217200766,1719748800,light rain,19.67,71,2.9,28
Paris,48.8588897,2.3200410217200766,1719759600,light rain,20.89,73,3.2,28
Paris,48.8588897,2.3200410217200766,1719770400,light rain,19.85,85,2.04,28
Paris,48.8588897,2.3200410217200766,1719781200,light rain,17.28,92,2.24,28
Paris,48.8588897,2.3200410217200766,1719792000,scattered clouds,15.59,94,2.24,28
Paris,48.8588897,2.3200410217200766,1719802800,clear sky,14.24,97,2.0,28
Paris,48.8588897,2.3200410217200766,1719813600,clear sky,14.28,84,2.45,28
Paris,48.8588897,2.3200410217200766,1719824400,few clouds,19.13,48,3.3,28
Paris,48.8588897,2.3200410217200766,1719835200,few clouds,23.16,37,3.69,28
Paris,48.8588897,2.3200410217200766,1719846000,broken clouds,24.81,41,3.8,28
Paris,48.8588897,2.3200410217200766,1719856800,broken clouds,22.04,59,4.09,28
Amiens,49.8941708,2.2956951,1719435600,broken clouds,25.0,82,2.02,3
Amiens,49.8941708,2.2956951,1719446400,broken clouds,21.25,81,1.67,3
Amiens,49.8941708,2.2956951,1719457200,clear sky,16.35,81,1.63,3
Amiens,49.8941708,2.2956951,1719468000,scattered clouds,19.72,75,1.61,3
Amiens,49.8941708,2.2956951,1719478800,overcast clouds,24.22,67,3.92,3
Amiens,49.8941708,2.2956951,1719489600,overcast clouds,24.22,70,5.24,3
Amiens,49.8941708,2.2956951,1719500400,broken clouds,22.06,62,6.51,3
Amiens,49.8941708,2.2956951,1719511200,overcast clouds,17.94,81,4.42,3
Amiens,49.8941708,2.2956951,1719522000,broken clouds,13.8,81,4.3,3
Amiens,49.8941708,2.2956951,1719532800,broken clouds,11.14,94,3.88,3
Amiens,49.8941708,2.2956951,1719543600,broken clouds,10.14,97,3.21,3
Amiens,49.8941708,2.2956951,1719554400,overcast clouds,12.93,89,3.47,3
Amiens,49.8941708,2.2956951,1719565200,overcast clouds,16.6,67,3.64,3
Amiens,49.8941708,2.2956951,1719576000,overcast clouds,19.36,57,3.35,3
Amiens,49.8941708,2.2956951,1719586800,overcast clouds,20.32,55,3.35,3
Amiens,49.8941708,2.2956951,1719597600,scattered clouds,17.53,76,4.12,3
Amiens,49.8941708,2.2956951,1719608400,clear sky,11.27,88,2.08,3
Amiens,49.8941708,2.2956951,1719619200,clear sky,9.58,81,1.63,3
Amiens,49.8941708,2.2956951,1719630000,clear sky,8.57,79,1.77,3
Amiens,49.8941708,2.2956951,1719640800,clear sky,11.71,71,1.8,3
Amiens,49.8941708,2.2956951,1719651600,broken clouds,17.43,68,2.42,3
Amiens,49.8941708,2.2956951,1719662400,overcast clouds,20.31,62,3.33,3
Amiens,49.8941708,2.2956951,1719673200,overcast clouds,20.88,64,3.6,3
Amiens,49.8941708,2.2956951,1719684000,overcast clouds,19.17,73,4.3,3
Amiens,49.8941708,2.2956951,1719694800,overcast clouds,15.37,72,4.83,3
Amiens,49.8941708,2.2956951,1719705600,light rain,14.79,75,3.27,3
Amiens,49.8941708,2.2956951,1719716400,overcast clouds,13.06,74,3.12,3
Amiens,49.8941708,2.2956951,1719727200,overcast clouds,14.95,81,3.91,3
Amiens,49.8941708,2.2956951,1719738000,overcast clouds,19.15,67,5.35,3
Amiens,49.8941708,2.2956951,1719748800,overcast clouds,19.93,69,4.74,3
Amiens,49.8941708,2.2956951,1719759600,light rain,20.75,71,6.47,3
Amiens,49.8941708,2.2956951,1719770400,light rain,18.81,80,5.59,3
Amiens,49.8941708,2.2956951,1719781200,clear sky,14.28,96,3.22,3
Amiens,49.8941708,2.2956951,1719792000,clear sky,11.46,95,3.52,3
Amiens,49.8941708,2.2956951,1719802800,clear sky,10.63,95,3.19,3
Amiens,49.8941708,2.2956951,1719813600,clear sky,13.65,88,3.99,3
Amiens,49.8941708,2.2956951,1719824400,few clouds,18.28,65,5.27,3
Amiens,49.8941708,2.2956951,1719835200,few clouds,20.87,54,6.13,3
Amiens,49.8941708,2.2956951,1719846000,broken clouds,21.31,58,6.4,3
Amiens,49.8941708,2.2956951,1719856800,broken clouds,19.4,75,4.71,3
Lille,50.6365654,3.0635282,1719435600,scattered clouds,25.44,57,2.15,22
Lille,50.6365654,3.0635282,1719446400,broken clouds,23.41,60,0.69,22
Lille,50.6365654,3.0635282,1719457200,broken clouds,19.53,77,1.91,22
Lille,50.6365654,3.0635282,1719468000,broken clouds,19.76,71,2.31,22
Lille,50.6365654,3.0635282,1719478800,broken clouds,25.05,54,3.56,22
Lille,50.6365654,3.0635282,1719489600,overcast clouds,25.14,59,5.82,22
Lille,50.6365654,3.0635282,1719500400,broken clouds,23.39,53,6.74,22
Lille,50.6365654,3.0635282,1719511200,overcast clouds,18.85,73,5.54,22
Lille,50.6365654,3.0635282,1719522000,overcast clouds,15.14,75,4.5,22
Lille,50.6365654,3.0635282,1719532800,broken clouds,13.16,83,4.59,22
Lille,50.6365654,3.0635282,1719543600,broken clouds,12.36,91,3.55,22
Lille,50.6365654,3.0635282,1719554400,scattered clouds,13.97,78,4.29,22
Lille,50.6365654,3.0635282,1719565200,scattered clouds,17.77,57,4.2,22
Lille,50.6365654,3.0635282,1719576000,scattered clouds,20.07,48,4.68,22
Lille,50.6365654,3.0635282,1719586800,broken clouds,20.47,47,4.54,22
Lille,50.6365654,3.0635282,1719597600,scattered clouds,18.32,56,3.38,22
Lille,50.6365654,3.0635282,1719608400,clear sky,13.45,74,2.22,22
Lille,50.6365654,3.0635282,1719619200,scattered clouds,11.36,79,1.55,22
Lille,50.6365654,3.0635282,1719630000,few clouds,10.04,76,0.88,22
Lille,50.6365654,3.0635282,1719640800,few clouds,13.34,64,0.17,22
Lille,50.6365654,3.0635282,1719651600,scattered clouds,18.88,56,1.8,22
Lille,50.6365654,3.0635282,1719662400,broken clouds,22.5,44,1.64,22
Lille,50.6365654,3.0635282,1719673200,overcast clouds,23.53,44,2.25,22
Lille,50.6365654,3.0635282,1719684000,overcast clouds,18.84,67,3.87,22
Lille,50.6365654,3.0635282,1719694800,overcast clouds,16.74,68,4.78,22
Lille,50.6365654,3.0635282,1719705600,overcast clouds,16.32,65,3.75,22
Lille,50.6365654,3.0635282,1719716400,overcast clouds,15.49,78,3.53,22
Lille,50.6365654,3.0635282,1719727200,overcast clouds,15.46,76,3.93,22
Lille,50.6365654,3.0635282,1719738000,broken clouds,19.74,58,4.61,22
Lille,50.6365654,3.0635282,1719748800,overcast clouds,20.85,61,4.34,22
Lille,50.6365654,3.0635282,1719759600,light rain,20.26,70,4.46,22
Lille,50.6365654,3.0635282,1719770400,light rain,19.01,77,5.39,22
Lille,50.6365654,3.0635282,1719781200,light rain,16.28,93,3.18,22
Lille,50.6365654,3.0635282,1719792000,scattered clouds,13.74,95,2.35,22
Lille,50.6365654,3.0635282,1719802800,clear sky,13.14,94,2.48,22
Lille,50.6365654,3.0635282,1719813600,clear sky,15.3,82,4.04,22
Lille,50.6365654,3.0635282,1719824400,scattered clouds,18.61,57,5.57,22
Lille,50.6365654,3.0635282,1719835200,broken clouds,20.3,48,6.48,22
Lille,50.6365654,3.0635282,1719846000,overcast clouds,20.36,55,7.65,22
Lille,50.6365654,3.0635282,1719856800,overcast clouds,18.14,74,5.64,22
Strasbourg,48.584614,7.7507127,1719435600,light rain,25.47,66,1.45,32
Strasbourg,48.584614,7.7507127,1719446400,light rain,22.22,81,2.1,32
Strasbourg,48.584614,7.7507127,1719457200,light rain,18.08,95,2.27,32
Strasbourg,48.584614,7.7507127,1719468000,scattered clouds,19.91,91,2.89,32
Strasbourg,48.584614,7.7507127,1719478800,light rain,24.36,76,2.7,32
Strasbourg,48.584614,7.7507127,1719489600,light rain,26.36,67,2.3,32
Strasbourg,48.584614,7.7507127,1719500400,light rain,28.5,63,2.84,32
Strasbourg,48.584614,7.7507127,1719511200,moderate rain,24.38,86,2.1,32
Strasbourg,48.584614,7.7507127,1719522000,light rain,21.18,90,1.83,32
Strasbourg,48.584614,7.7507127,1719532800,overcast clouds,19.8,93,2.0,32
Strasbourg,48.584614,7.7507127,1719543600,light rain,18.34,96,1.32,32
Strasbourg,48.584614,7.7507127,1719554400,light rain,19.87,95,1.73,32
Strasbourg,48.584614,7.7507127,1719565200,light rain,20.95,93,2.56,32
Strasbourg,48.584614,7.7507127,1719576000,overcast clouds,24.33,73,1.79,32
Strasbourg,48.584614,7.7507127,1719586800,broken clouds,25.35,69,2.49,32
Strasbourg,48.584614,7.7507127,1719597600,overcast clouds,23.26,78,2.1,32
Strasbourg,48.584614,7.7507127,1719608400,overcast clouds,20.03,77,2.09,32
Strasbourg,48.584614,7.7507127,1719619200,light rain,17.67,90,2.53,32
Strasbourg,48.584614,7.7507127,1719630000,scattered clouds,15.93,83,2.23,32
Strasbourg,48.584614,7.7507127,1719640800,broken clouds,17.83,76,1.55,32
Strasbourg,48.584614,7.7507127,1719651600,broken clouds,23.32,76,1.42,32
Strasbourg,48.584614,7.7507127,1719662400,broken clouds,29.58,67,1.82,32
Strasbourg,48.584614,7.7507127,1719673200,broken clouds,33.28,66,2.62,32
Strasbourg,48.584614,7.7507127,1719684000,light rain,20.98,80,8.0,32
Strasbourg,48.584614,7.7507127,1719694800,overcast clouds,19.81,87,3.7,32
Strasbourg,48.584614,7.7507127,1719705600,moderate rain,18.83,98,3.0,32
Strasbourg,48.584614,7.7507127,1719716400,moderate rain,18.34,98,4.26,32
Strasbourg,48.584614,7.7507127,1719727200,overcast clouds,19.5,92,3.88,32
Strasbourg,48.584614,7.7507127,1719738000,light rain,19.45,88,4.63,32
Strasbourg,48.584614,7.7507127,1719748800,light rain,16.72,89,5.41,32
Strasbourg,48.584614,7.7507127,1719759600,light rain,16.48,87,3.55,32
Strasbourg,48.584614,7.7507127,1719770400,light rain,16.01,88,0.98,32
Strasbourg,48.584614,7.7507127,1719781200,light rain,14.77,93,0.87,32
Strasbourg,48.584614,7.7507127,1719792000,overcast clouds,13.62,93,1.73,32
Strasbourg,48.584614,7.7507127,1719802800,overcast clouds,12.79,94,2.52,32
Strasbourg,48.584614,7.7507127,1719813600,overcast clouds,13.66,92,3.42,32
Strasbourg,48.584614,7.7507127,1719824400,overcast clouds,15.97,86,2.79,32
Strasbourg,48.584614,7.7507127,1719835200,light rain,19.65,72,2.98,32
Strasbourg,48.584614,7.7507127,1719846000,broken clouds,22.69,57,2.58,32
Strasbourg,48.584614,7.7507127,1719856800,broken clouds,20.29,71,2.7,32
Chateau du Haut Koenigsbourg,48.2495226,7.3454923,1719435600,light rain,20.59,74,1.98,14
Chateau du Haut Koenigsbourg,48.2495226,7.3454923,1719446400,scattered clouds,18.28,82,1.76,14
Chateau du Haut Koenigsbourg,48.2495226,7.3454923,1719457200,scattered clouds,15.0,92,1.86,14
Chateau du Haut Koenigsbourg,48.2495226,7.3454923,1719468000,few clouds,18.85,84,0.67,14
Chateau du Haut Koenigsbourg,48.2495226,7.3454923,1719478800,light rain,22.58,75,0.77,14
Chateau du Haut Koenigsbourg,48.2495226,7.3454923,1719489600,light rain,25.4,57,1.63,14
Chateau du Haut Koenigsbourg,48.2495226,7.3454923,1719500400,light rain,23.79,71,2.98,14
Chateau du Haut Koenigsbourg,48.2495226,7.3454923,1719511200,light rain,22.29,79,1.6,14
Chateau du Haut Koenigsbourg,48.2495226,7.3454923,1719522000,broken clouds,17.66,91,1.88,14
Chateau du Haut Koenigsbourg,48.2495226,7.3454923,1719532800,light rain,16.83,90,1.74,14
Chateau du Haut Koenigsbourg,48.2495226,7.3454923,1719543600,light rain,16.07,93,2.05,14
Chateau du Haut Koenigsbourg,48.2495226,7.3454923,1719554400,light rain,18.58,92,0.43,14
Chateau du Haut Koenigsbourg,48.2495226,7.3454923,1719565200,light rain,20.44,88,1.01,14
Chateau du Haut Koenigsbourg,48.2495226,7.3454923,1719576000,light rain,23.42,73,1.06,14
Chateau du Haut Koenigsbourg,48.2495226,7.3454923,1719586800,light rain,23.55,71,1.4,14
Chateau du Haut Koenigsbourg,48.2495226,7.3454923,1719597600,overcast clouds,21.05,83,2.09,14
Chateau du Haut Koenigsbourg,48.2495226,7.3454923,1719608400,overcast clouds,16.8,93,1.11,14
Chateau du Haut Koenigsbourg,48.2495226,7.3454923,1719619200,light rain,15.79,93,1.16,14
Chateau du Haut Koenigsbourg,48.2495226,7.3454923,1719630000,overcast clouds,14.82,93,0.66,14
Chateau du Haut Koenigsbourg,48.2495226,7.3454923,1719640800,light rain,17.15,85,0.61,14
Chateau du Haut Koenigsbourg,48.2495226,7.3454923,1719651600,scattered clouds,22.42,71,1.71,14
Chateau du Haut Koenigsbourg,48.2495226,7.3454923,1719662400,scattered clouds,27.94,60,2.2,14
Chateau du Haut Koenigsbourg,48.2495226,7.3454923,1719673200,overcast clouds,28.32,62,1.58,14
Chateau du Haut Koenigsbourg,48.2495226,7.3454923,1719684000,moderate rain,17.09,98,0.46,14
Chateau du Haut Koenigsbourg,48.2495226,7.3454923,1719694800,light rain,16.44,95,2.28,14
Chateau du Haut Koenigsbourg,48.2495226,7.3454923,1719705600,moderate rain,15.98,100,1.81,14
Chateau du Haut Koenigsbourg,48.2495226,7.3454923,1719716400,light rain,15.94,99,2.02,14
Chateau du Haut Koenigsbourg,48.2495226,7.3454923,1719727200,overcast clouds,16.18,95,1.92,14
Chateau du Haut Koenigsbourg,48.2495226,7.3454923,1719738000,light rain,15.96,92,3.18,14
Chateau du Haut Koenigsbourg,48.2495226,7.3454923,1719748800,light rain,14.14,91,4.31,14
Chateau du Haut Koenigsbourg,48.2495226,7.3454923,1719759600,overcast clouds,13.83,85,2.17,14
Chateau du Haut Koenigsbourg,48.2495226,7.3454923,1719770400,light rain,11.79,93,1.9,14
Chateau du Haut Koenigsbourg,48.2495226,7.3454923,1719781200,light rain,11.34,94,1.44,14
Chateau du Haut Koenigsbourg,48.2495226,7.3454923,1719792000,broken clouds,8.9,96,1.82,14
Chateau du Haut Koenigsbourg,48.2495226,7.3454923,1719802800,broken clouds,8.73,95,1.78,14
Chateau du Haut Koenigsbourg,48.2495226,7.3454923,1719813600,broken clouds,11.34,92,1.35,14
Chateau du Haut Koenigsbourg,48.2495226,7.3454923,1719824400,overcast clouds,14.04,83,1.21,14
Chateau du Haut Koenigsbourg,48.2495226,7.3454923,1719835200,light rain,15.97,73,2.22,14
Chateau du Haut Koenigsbourg,48.2495226,7.3454923,1719846000,scattered clouds,20.46,48,2.63,14
Chateau du Haut Koenigsbourg,48.2495226,7.3454923,1719856800,scattered clouds,17.92,72,1.89,14
Colmar,48.0777517,7.3579641,1719435600,light rain,23.49,75,1.89,16
Colmar,48.0777517,7.3579641,1719446400,scattered clouds,20.79,83,1.67,16
Colmar,48.0777517,7.3579641,1719457200,broken clouds,17.55,92,1.72,16
Colmar,48.0777517,7.3579641,1719468000,scattered clouds,21.2,85,0.73,16
Colmar,48.0777517,7.3579641,1719478800,light rain,25.35,77,1.04,16
Colmar,48.0777517,7.3579641,1719489600,light rain,29.46,59,0.27,16
Colmar,48.0777517,7.3579641,1719500400,light rain,28.62,64,1.98,16
Colmar,48.0777517,7.3579641,1719511200,light rain,25.75,76,1.09,16
Colmar,48.0777517,7.3579641,1719522000,broken clouds,20.66,90,1.46,16
Colmar,48.0777517,7.3579641,1719532800,light rain,19.55,89,1.65,16
Colmar,48.0777517,7.3579641,1719543600,moderate rain,18.41,94,1.95,16
Colmar,48.0777517,7.3579641,1719554400,light rain,20.84,93,0.63,16
Colmar,48.0777517,7.3579641,1719565200,light rain,24.36,83,0.97,16
Colmar,48.0777517,7.3579641,1719576000,light rain,25.69,82,2.34,16
Colmar,48.0777517,7.3579641,1719586800,light rain,26.06,80,2.23,16
Colmar,48.0777517,7.3579641,1719597600,light rain,23.63,86,2.14,16
Colmar,48.0777517,7.3579641,1719608400,overcast clouds,19.75,89,2.18,16
Colmar,48.0777517,7.3579641,1719619200,light rain,18.83,92,1.61,16
Colmar,48.0777517,7.3579641,1719630000,overcast clouds,17.96,92,1.34,16
Colmar,48.0777517,7.3579641,1719640800,broken clouds,20.19,84,0.89,16
Colmar,48.0777517,7.3579641,1719651600,scattered clouds,25.16,72,1.67,16
Colmar,48.0777517,7.3579641,1719662400,scattered clouds,31.98,60,1.94,16
Colmar,48.0777517,7.3579641,1719673200,overcast clouds,32.73,62,1.13,16
Colmar,48.0777517,7.3579641,1719684000,heavy intensity rain,19.75,98,2.16,16
Colmar,48.0777517,7.3579641,1719694800,light rain,18.96,94,2.16,16
Colmar,48.0777517,7.3579641,1719705600,moderate rain,18.71,100,1.88,16
Colmar,48.0777517,7.3579641,1719716400,light rain,18.49,98,2.33,16
Colmar,48.0777517,7.3579641,1719727200,broken clouds,19.46,92,2.95,16
Colmar,48.0777517,7.3579641,1719738000,light rain,19.4,86,3.68,16
Colmar,48.0777517,7.3579641,1719748800,overcast clouds,19.68,77,3.31,16
Colmar,48.0777517,7.3579641,1719759600,light rain,17.03,85,1.5,16
Colmar,48.0777517,7.3579641,1719770400,light rain,15.44,92,1.3,16
Colmar,48.0777517,7.3579641,1719781200,light rain,14.56,96,0.54,16
Colmar,48.0777517,7.3579641,1719792000,overcast clouds,12.04,95,1.32,16
Colmar,48.0777517,7.3579641,1719802800,broken clouds,11.73,94,1.34,16
Colmar,48.0777517,7.3579641,1719813600,broken clouds,14.44,90,1.04,16
Colmar,48.0777517,7.3579641,1719824400,overcast clouds,17.46,78,1.14,16
Colmar,48.0777517,7.3579641,1719835200,light rain,19.96,68,1.58,16
Colmar,48.0777517,7.3579641,1719846000,scattered clouds,23.5,48,0.89,16
Colmar,48.0777517,7.3579641,1719856800,scattered clouds,20.75,74,0.7,16
Eguisheim,48.0447968,7.3079618,1719435600,light rain,23.21,75,1.98,18
Eguisheim,48.0447968,7.3079618,1719446400,scattered clouds,20.44,83,1.7,18
Eguisheim,48.0447968,7.3079618,1719457200,scattered clouds,17.34,92,1.67,18
Eguisheim,48.0447968,7.3079618,1719468000,few clouds,21.02,86,0.62,18
Eguisheim,48.0447968,7.3079618,1719478800,light rain,24.97,77,1.03,18
Eguisheim,48.0447968,7.3079618,1719489600,light rain,29.14,60,0.21,18
Eguisheim,48.0447968,7.3079618,1719500400,light rain,28.31,64,2.17,18
Eguisheim,48.0447968,7.3079618,1719511200,light rain,25.5,76,0.73,18
Eguisheim,48.0447968,7.3079618,1719522000,broken clouds,20.38,90,1.52,18
Eguisheim,48.0447968,7.3079618,1719532800,light rain,19.31,88,1.62,18
Eguisheim,48.0447968,7.3079618,1719543600,moderate rain,18.02,94,1.88,18
Eguisheim,48.0447968,7.3079618,1719554400,light rain,20.51,94,0.55,18
Eguisheim,48.0447968,7.3079618,1719565200,light rain,24.27,82,1.01,18
Eguisheim,48.0447968,7.3079618,1719576000,light rain,25.28,84,2.08,18
Eguisheim,48.0447968,7.3079618,1719586800,light rain,25.57,84,2.4,18
Eguisheim,48.0447968,7.3079618,1719597600,light rain,23.32,88,2.16,18
Eguisheim,48.0447968,7.3079618,1719608400,overcast clouds,19.56,90,2.27,18
Eguisheim,48.0447968,7.3079618,1719619200,light rain,18.63,92,1.62,18
Eguisheim,48.0447968,7.3079618,1719630000,overcast clouds,17.77,91,1.37,18
Eguisheim,48.0447968,7.3079618,1719640800,broken clouds,20.1,85,0.88,18
Eguisheim,48.0447968,7.3079618,1719651600,scattered clouds,25.14,72,1.65,18
Eguisheim,48.0447968,7.3079618,1719662400,scattered clouds,31.64,59,1.85,18
Eguisheim,48.0447968,7.3079618,1719673200,overcast clouds,32.31,61,1.36,18
Eguisheim,48.0447968,7.3079618,1719684000,heavy intensity rain,19.47,98,2.59,18
Eguisheim,48.0447968,7.3079618,1719694800,light rain,18.61,94,1.98,18
Eguisheim,48.0447968,7.3079618,1719705600,moderate rain,18.39,100,1.54,18
Eguisheim,48.0447968,7.3079618,1719716400,light rain,18.11,98,2.31,18
Eguisheim,48.0447968,7.3079618,1719727200,broken clouds,19.19,91,3.13,18
Eguisheim,48.0447968,7.3079618,1719738000,light rain,19.1,86,3.85,18
Eguisheim,48.0447968,7.3079618,1719748800,overcast clouds,19.56,75,3.16,18
Eguisheim,48.0447968,7.3079618,1719759600,light rain,16.88,86,1.07,18
Eguisheim,48.0447968,7.3079618,1719770400,light rain,15.45,92,1.08,18
Eguisheim,48.0447968,7.3079618,1719781200,light rain,14.3,96,0.64,18
Eguisheim,48.0447968,7.3079618,1719792000,overcast clouds,11.76,95,1.33,18
Eguisheim,48.0447968,7.3079618,1719802800,broken clouds,11.36,94,1.31,18
Eguisheim,48.0447968,7.3079618,1719813600,broken clouds,14.36,90,0.82,18
Eguisheim,48.0447968,7.3079618,1719824400,overcast clouds,17.32,77,1.12,18
Eguisheim,48.0447968,7.3079618,1719835200,light rain,19.87,67,1.51,18
Eguisheim,48.0447968,7.3079618,1719846000,scattered clouds,23.22,47,0.97,18
Eguisheim,48.0447968,7.3079618,1719856800,scattered clouds,20.21,75,0.8,18
Besancon,47.2380222,6.0243622,1719435600,scattered clouds,22.38,91,1.55,9
Besancon,47.2380222,6.0243622,1719446400,light rain,19.54,93,1.25,9
Besancon,47.2380222,6.0243622,1719457200,light rain,16.51,96,1.38,9
Besancon,47.2380222,6.0243622,1719468000,clear sky,19.81,93,1.21,9
Besancon,47.2380222,6.0243622,1719478800,light rain,23.83,82,2.78,9
Besancon,47.2380222,6.0243622,1719489600,light rain,26.11,66,4.09,9
Besancon,47.2380222,6.0243622,1719500400,light rain,26.01,77,3.12,9
Besancon,47.2380222,6.0243622,1719511200,light rain,23.95,89,0.54,9
Besancon,47.2380222,6.0243622,1719522000,light rain,20.43,93,1.45,9
Besancon,47.2380222,6.0243622,1719532800,light rain,18.59,96,1.6,9
Besancon,47.2380222,6.0243622,1719543600,light rain,17.92,95,1.11,9
Besancon,47.2380222,6.0243622,1719554400,light rain,20.44,96,0.83,9
Besancon,47.2380222,6.0243622,1719565200,broken clouds,24.51,79,2.06,9
Besancon,47.2380222,6.0243622,1719576000,light rain,26.28,70,2.24,9
Besancon,47.2380222,6.0243622,1719586800,overcast clouds,26.44,73,3.06,9
Besancon,47.2380222,6.0243622,1719597600,overcast clouds,25.04,85,1.78,9
Besancon,47.2380222,6.0243622,1719608400,light rain,21.05,96,1.62,9
Besancon,47.2380222,6.0243622,1719619200,overcast clouds,20.16,97,1.03,9
Besancon,47.2380222,6.0243622,1719630000,broken clouds,19.45,96,1.08,9
Besancon,47.2380222,6.0243622,1719640800,light rain,21.98,94,0.77,9
Besancon,47.2380222,6.0243622,1719651600,few clouds,29.64,68,1.71,9
Besancon,47.2380222,6.0243622,1719662400,scattered clouds,32.49,66,3.43,9
Besancon,47.2380222,6.0243622,1719673200,light rain,33.57,76,0.69,9
Besancon,47.2380222,6.0243622,1719684000,moderate rain,23.56,94,3.42,9
Besancon,47.2380222,6.0243622,1719694800,heavy intensity rain,20.71,97,2.86,9
Besancon,47.2380222,6.0243622,1719705600,light rain,18.19,94,3.25,9
Besancon,47.2380222,6.0243622,1719716400,scattered clouds,18.18,93,3.91,9
Besancon,47.2380222,6.0243622,1719727200,broken clouds,18.37,88,5.58,9
Besancon,47.2380222,6.0243622,1719738000,light rain,17.6,96,4.93,9
Besancon,47.2380222,6.0243622,1719748800,light rain,16.27,97,2.29,9
Besancon,47.2380222,6.0243622,1719759600,light rain,15.2,98,2.19,9
Besancon,47.2380222,6.0243622,1719770400,light rain,14.3,98,0.46,9
Besancon,47.2380222,6.0243622,1719781200,light rain,13.97,98,1.04,9
Besancon,47.2380222,6.0243622,1719792000,overcast clouds,12.39,98,0.33,9
Besancon,47.2380222,6.0243622,1719802800,broken clouds,11.15,98,1.02,9
Besancon,47.2380222,6.0243622,1719813600,scattered clouds,14.0,95,0.94,9
Besancon,47.2380222,6.0243622,1719824400,overcast clouds,15.99,85,0.94,9
Besancon,47.2380222,6.0243622,1719835200,overcast clouds,20.99,66,2.46,9
Besancon,47.2380222,6.0243622,1719846000,light rain,21.75,65,2.34,9
Besancon,47.2380222,6.0243622,1719856800,light rain,19.74,86,2.38,9
Dijon,47.3215806,5.0414701,1719435600,light rain,25.3,68,1.56,17
Dijon,47.3215806,5.0414701,1719446400,clear sky,22.14,79,1.18,17
Dijon,47.3215806,5.0414701,1719457200,clear sky,17.84,92,1.14,17
Dijon,47.3215806,5.0414701,1719468000,clear sky,20.6,89,1.25,17
Dijon,47.3215806,5.0414701,1719478800,light rain,25.43,74,1.85,17
Dijon,47.3215806,5.0414701,1719489600,light rain,26.57,66,2.98,17
Dijon,47.3215806,5.0414701,1719500400,light rain,28.97,61,1.66,17
Dijon,47.3215806,5.0414701,1719511200,light rain,25.31,81,1.36,17
Dijon,47.3215806,5.0414701,1719522000,light rain,21.33,85,1.53,17
Dijon,47.3215806,5.0414701,1719532800,light rain,19.59,90,1.67,17
Dijon,47.3215806,5.0414701,1719543600,light rain,18.62,94,1.59,17
Dijon,47.3215806,5.0414701,1719554400,light rain,20.28,92,1.56,17
Dijon,47.3215806,5.0414701,1719565200,broken clouds,22.37,85,2.28,17
Dijon,47.3215806,5.0414701,1719576000,overcast clouds,25.56,74,0.77,17
Dijon,47.3215806,5.0414701,1719586800,light rain,25.89,76,3.01,17
Dijon,47.3215806,5.0414701,1719597600,overcast clouds,23.47,88,2.99,17
Dijon,47.3215806,5.0414701,1719608400,light rain,19.65,95,3.27,17
Dijon,47.3215806,5.0414701,1719619200,overcast clouds,18.69,96,2.77,17
Dijon,47.3215806,5.0414701,1719630000,broken clouds,17.74,97,2.34,17
Dijon,47.3215806,5.0414701,1719640800,broken clouds,19.67,96,1.48,17
Dijon,47.3215806,5.0414701,1719651600,broken clouds,25.13,77,4.0,17
Dijon,47.3215806,5.0414701,1719662400,overcast clouds,30.48,68,5.13,17
Dijon,47.3215806,5.0414701,1719673200,overcast clouds,26.53,72,4.99,17
Dijon,47.3215806,5.0414701,1719684000,light rain,22.51,81,2.48,17
Dijon,47.3215806,5.0414701,1719694800,moderate rain,19.31,96,1.16,17
Dijon,47.3215806,5.0414701,1719705600,light rain,16.74,95,3.88,17
Dijon,47.3215806,5.0414701,1719716400,light rain,17.76,95,5.97,17
Dijon,47.3215806,5.0414701,1719727200,light rain,16.98,96,4.46,17
Dijon,47.3215806,5.0414701,1719738000,overcast clouds,16.26,92,4.36,17
Dijon,47.3215806,5.0414701,1719748800,light rain,16.24,86,3.99,17
Dijon,47.3215806,5.0414701,1719759600,light rain,14.37,93,3.72,17
Dijon,47.3215806,5.0414701,1719770400,light rain,14.05,93,0.77,17
Dijon,47.3215806,5.0414701,1719781200,overcast clouds,12.04,94,1.23,17
Dijon,47.3215806,5.0414701,1719792000,broken clouds,11.31,94,1.6,17
Dijon,47.3215806,5.0414701,1719802800,broken clouds,11.0,93,0.99,17
Dijon,47.3215806,5.0414701,1719813600,broken clouds,14.07,90,0.64,17
Dijon,47.3215806,5.0414701,1719824400,overcast clouds,18.23,81,1.7,17
Dijon,47.3215806,5.0414701,1719835200,light rain,20.91,70,3.13,17
Dijon,47.3215806,5.0414701,1719846000,light rain,21.94,65,4.46,17
Dijon,47.3215806,5.0414701,1719856800,scattered clouds,19.89,79,3.28,17
Annecy,45.8992348,6.1288847,1719435600,light rain,22.88,78,1.83,4
Annecy,45.8992348,6.1288847,1719446400,light rain,19.46,87,1.92,4
Annecy,45.8992348,6.1288847,1719457200,light rain,15.85,95,1.76,4
Annecy,45.8992348,6.1288847,1719468000,scattered clouds,19.46,90,0.72,4
Annecy,45.8992348,6.1288847,1719478800,clear sky,25.88,57,1.68,4
Annecy,45.8992348,6.1288847,1719489600,clear sky,29.16,49,2.23,4
Annecy,45.8992348,6.1288847,1719500400,few clouds,29.36,45,2.23,4
Annecy,45.8992348,6.1288847,1719511200,few clouds,26.01,75,0.94,4
Annecy,45.8992348,6.1288847,1719522000,overcast clouds,21.26,80,1.74,4
Annecy,45.8992348,6.1288847,1719532800,overcast clouds,19.55,83,1.69,4
Annecy,45.8992348,6.1288847,1719543600,overcast clouds,18.35,85,1.43,4
Annecy,45.8992348,6.1288847,1719554400,broken clouds,21.7,75,0.55,4
Annecy,45.8992348,6.1288847,1719565200,broken clouds,28.79,55,1.02,4
Annecy,45.8992348,6.1288847,1719576000,scattered clouds,32.08,43,1.71,4
Annecy,45.8992348,6.1288847,1719586800,broken clouds,31.39,49,1.77,4
Annecy,45.8992348,6.1288847,1719597600,light rain,26.38,79,0.86,4
Annecy,45.8992348,6.1288847,1719608400,overcast clouds,23.03,86,1.0,4
Annecy,45.8992348,6.1288847,1719619200,broken clouds,20.52,91,1.5,4
Annecy,45.8992348,6.1288847,1719630000,clear sky,19.23,92,0.96,4
Annecy,45.8992348,6.1288847,1719640800,scattered clouds,22.66,79,0.8,4
Annecy,45.8992348,6.1288847,1719651600,clear sky,29.87,56,1.39,4
Annecy,45.8992348,6.1288847,1719662400,broken clouds,33.81,47,1.73,4
Annecy,45.8992348,6.1288847,1719673200,light rain,30.35,71,2.48,4
Annecy,45.8992348,6.1288847,1719684000,light rain,24.05,92,2.04,4
Annecy,45.8992348,6.1288847,1719694800,moderate rain,19.22,98,0.89,4
Annecy,45.8992348,6.1288847,1719705600,light rain,17.89,99,1.94,4
Annecy,45.8992348,6.1288847,1719716400,light rain,17.67,98,2.27,4
Annecy,45.8992348,6.1288847,1719727200,light rain,18.89,96,1.46,4
Annecy,45.8992348,6.1288847,1719738000,broken clouds,23.05,66,1.94,4
Annecy,45.8992348,6.1288847,1719748800,light rain,25.29,55,2.59,4
Annecy,45.8992348,6.1288847,1719759600,light rain,22.4,87,2.05,4
Annecy,45.8992348,6.1288847,1719770400,light rain,19.63,94,1.4,4
Annecy,45.8992348,6.1288847,1719781200,light rain,17.61,95,0.6,4
Annecy,45.8992348,6.1288847,1719792000,overcast clouds,16.21,98,0.71,4
Annecy,45.8992348,6.1288847,1719802800,overcast clouds,15.31,98,0.89,4
Annecy,45.8992348,6.1288847,1719813600,overcast clouds,15.3,97,0.64,4
Annecy,45.8992348,6.1288847,1719824400,overcast clouds,17.24,89,1.01,4
Annecy,45.8992348,6.1288847,1719835200,overcast clouds,23.92,56,1.88,4
Annecy,45.8992348,6.1288847,1719846000,light rain,22.12,70,1.98,4
Annecy,45.8992348,6.1288847,1719856800,light rain,21.74,78,0.69,4
Grenoble,45.1875602,5.7357819,1719435600,light rain,22.47,86,1.23,19
Grenoble,45.1875602,5.7357819,1719446400,light rain,20.04,90,1.75,19
Grenoble,45.1875602,5.7357819,1719457200,few clouds,17.62,92,1.55,19
Grenoble,45.1875602,5.7357819,1719468000,clear sky,20.97,86,0.95,19
Grenoble,45.1875602,5.7357819,1719478800,clear sky,28.4,59,1.34,19
Grenoble,45.1875602,5.7357819,1719489600,few clouds,31.23,48,2.05,19
Grenoble,45.1875602,5.7357819,1719500400,clear sky,31.25,44,2.04,19
Grenoble,45.1875602,5.7357819,1719511200,clear sky,29.79,74,1.17,19
Grenoble,45.1875602,5.7357819,1719522000,overcast clouds,22.03,88,1.15,19
Grenoble,45.1875602,5.7357819,1719532800,overcast clouds,21.08,80,1.58,19
Grenoble,45.1875602,5.7357819,1719543600,overcast clouds,19.33,79,1.56,19
Grenoble,45.1875602,5.7357819,1719554400,broken clouds,23.24,70,1.01,19
Grenoble,45.1875602,5.7357819,1719565200,broken clouds,31.03,51,0.6,19
Grenoble,45.1875602,5.7357819,1719576000,overcast clouds,33.42,43,1.23,19
Grenoble,45.1875602,5.7357819,1719586800,overcast clouds,35.09,42,1.53,19
Grenoble,45.1875602,5.7357819,1719597600,light rain,30.59,83,1.96,19
Grenoble,45.1875602,5.7357819,1719608400,light rain,23.65,95,1.2,19
Grenoble,45.1875602,5.7357819,1719619200,scattered clouds,21.84,94,1.87,19
Grenoble,45.1875602,5.7357819,1719630000,clear sky,20.3,93,1.76,19
Grenoble,45.1875602,5.7357819,1719640800,clear sky,23.72,85,1.4,19
Grenoble,45.1875602,5.7357819,1719651600,few clouds,33.18,47,2.18,19
Grenoble,45.1875602,5.7357819,1719662400,broken clouds,34.37,48,3.54,19
Grenoble,45.1875602,5.7357819,1719673200,light rain,33.08,44,0.96,19
Grenoble,45.1875602,5.7357819,1719684000,light rain,26.25,78,1.56,19
Grenoble,45.1875602,5.7357819,1719694800,light rain,21.3,87,1.49,19
Grenoble,45.1875602,5.7357819,1719705600,scattered clouds,18.71,90,1.37,19
Grenoble,45.1875602,5.7357819,1719716400,clear sky,17.52,92,1.26,19
Grenoble,45.1875602,5.7357819,1719727200,clear sky,20.63,84,0.69,19
Grenoble,45.1875602,5.7357819,1719738000,scattered clouds,25.96,61,1.34,19
Grenoble,45.1875602,5.7357819,1719748800,broken clouds,29.49,50,2.07,19
Grenoble,45.1875602,5.7357819,1719759600,light rain,26.3,67,2.88,19
Grenoble,45.1875602,5.7357819,1719770400,light rain,22.15,94,2.39,19
Grenoble,45.1875602,5.7357819,1719781200,light rain,18.47,99,1.44,19
Grenoble,45.1875602,5.7357819,1719792000,overcast clouds,17.05,99,1.7,19
Grenoble,45.1875602,5.7357819,1719802800,overcast clouds,16.33,99,1.48,19
Grenoble,45.1875602,5.7357819,1719813600,overcast clouds,15.65,98,1.35,19
Grenoble,45.1875602,5.7357819,1719824400,overcast clouds,17.29,92,2.09,19
Grenoble,45.1875602,5.7357819,1719835200,overcast clouds,19.85,78,2.59,19
Grenoble,45.1875602,5.7357819,1719846000,broken clouds,23.01,65,2.61,19
Grenoble,45.1875602,5.7357819,1719856800,broken clouds,21.93,81,1.85,19
Lyon,45.7578137,4.8320114,1719435600,light rain,26.28,67,1.57,23
Lyon,45.7578137,4.8320114,1719446400,light rain,22.77,82,1.54,23
Lyon,45.7578137,4.8320114,1719457200,clear sky,18.71,94,0.89,23
Lyon,45.7578137,4.8320114,1719468000,clear sky,20.68,86,0.65,23
Lyon,45.7578137,4.8320114,1719478800,clear sky,26.09,64,1.38,23
Lyon,45.7578137,4.8320114,1719489600,light rain,31.06,50,1.98,23
Lyon,45.7578137,4.8320114,1719500400,light rain,31.82,45,2.03,23
Lyon,45.7578137,4.8320114,1719511200,light rain,28.18,65,2.25,23
Lyon,45.7578137,4.8320114,1719522000,light rain,22.31,80,2.4,23
Lyon,45.7578137,4.8320114,1719532800,overcast clouds,20.61,73,1.37,23
Lyon,45.7578137,4.8320114,1719543600,overcast clouds,19.76,74,0.98,23
Lyon,45.7578137,4.8320114,1719554400,overcast clouds,21.73,70,0.6,23
Lyon,45.7578137,4.8320114,1719565200,scattered clouds,26.4,65,1.45,23
Lyon,45.7578137,4.8320114,1719576000,broken clouds,31.84,55,1.16,23
Lyon,45.7578137,4.8320114,1719586800,overcast clouds,32.93,52,1.83,23
Lyon,45.7578137,4.8320114,1719597600,moderate rain,23.29,93,6.84,23
Lyon,45.7578137,4.8320114,1719608400,light rain,21.6,86,0.87,23
Lyon,45.7578137,4.8320114,1719619200,broken clouds,20.41,90,0.82,23
Lyon,45.7578137,4.8320114,1719630000,few clouds,19.56,95,1.19,23
Lyon,45.7578137,4.8320114,1719640800,few clouds,20.63,81,2.06,23
Lyon,45.7578137,4.8320114,1719651600,broken clouds,24.94,68,3.58,23
Lyon,45.7578137,4.8320114,1719662400,broken clouds,26.34,68,3.91,23
Lyon,45.7578137,4.8320114,1719673200,overcast clouds,28.78,59,4.22,23
Lyon,45.7578137,4.8320114,1719684000,overcast clouds,26.33,52,6.26,23
Lyon,45.7578137,4.8320114,1719694800,light rain,22.67,66,4.29,23
Lyon,45.7578137,4.8320114,1719705600,overcast clouds,21.07,72,3.41,23
Lyon,45.7578137,4.8320114,1719716400,scattered clouds,19.3,76,2.49,23
Lyon,45.7578137,4.8320114,1719727200,scattered clouds,20.16,74,2.25,23
Lyon,45.7578137,4.8320114,1719738000,light rain,23.35,65,0.75,23
Lyon,45.7578137,4.8320114,1719748800,light rain,22.53,75,3.14,23
Lyon,45.7578137,4.8320114,1719759600,light rain,21.44,76,4.16,23
Lyon,45.7578137,4.8320114,1719770400,overcast clouds,18.53,78,4.57,23
Lyon,45.7578137,4.8320114,1719781200,overcast clouds,15.85,84,2.05,23
Lyon,45.7578137,4.8320114,1719792000,overcast clouds,14.85,84,1.71,23
Lyon,45.7578137,4.8320114,1719802800,few clouds,12.93,84,1.56,23
Lyon,45.7578137,4.8320114,1719813600,scattered clouds,15.08,76,1.81,23
Lyon,45.7578137,4.8320114,1719824400,clear sky,19.84,65,3.54,23
Lyon,45.7578137,4.8320114,1719835200,scattered clouds,21.97,59,4.24,23
Lyon,45.7578137,4.8320114,1719846000,scattered clouds,24.62,51,3.82,23
Lyon,45.7578137,4.8320114,1719856800,scattered clouds,22.78,64,4.02,23
Bormes les Mimosas,43.1506968,6.3419285,1719435600,clear sky,22.91,67,4.04,11
Bormes les Mimosas,43.1506968,6.3419285,1719446400,clear sky,20.49,71,2.28,11
Bormes les Mimosas,43.1506968,6.3419285,1719457200,clear sky,18.16,77,3.37,11
Bormes les Mimosas,43.1506968,6.3419285,1719468000,clear sky,20.15,66,1.45,11
Bormes les Mimosas,43.1506968,6.3419285,1719478800,broken clouds,24.27,56,1.05,11
Bormes les Mimosas,43.1506968,6.3419285,1719489600,broken clouds,23.22,62,4.02,11
Bormes les Mimosas,43.1506968,6.3419285,1719500400,few clouds,23.58,65,5.49,11
Bormes les Mimosas,43.1506968,6.3419285,1719511200,few clouds,22.17,73,3.2,11
Bormes les Mimosas,43.1506968,6.3419285,1719522000,clear sky,20.04,84,1.27,11
Bormes les Mimosas,43.1506968,6.3419285,1719532800,scattered clouds,19.34,88,1.93,11
Bormes les Mimosas,43.1506968,6.3419285,1719543600,broken clouds,18.82,89,2.29,11
Bormes les Mimosas,43.1506968,6.3419285,1719554400,broken clouds,21.2,79,2.83,11
Bormes les Mimosas,43.1506968,6.3419285,1719565200,broken clouds,25.17,66,2.66,11
Bormes les Mimosas,43.1506968,6.3419285,1719576000,broken clouds,26.5,62,3.55,11
Bormes les Mimosas,43.1506968,6.3419285,1719586800,clear sky,24.98,67,2.6,11
Bormes les Mimosas,43.1506968,6.3419285,1719597600,clear sky,23.65,71,1.49,11
Bormes les Mimosas,43.1506968,6.3419285,1719608400,clear sky,20.86,80,2.97,11
Bormes les Mimosas,43.1506968,6.3419285,1719619200,clear sky,19.94,81,2.06,11
Bormes les Mimosas,43.1506968,6.3419285,1719630000,clear sky,19.29,86,2.58,11
Bormes les Mimosas,43.1506968,6.3419285,1719640800,scattered clouds,22.02,74,4.59,11
Bormes les Mimosas,43.1506968,6.3419285,1719651600,light rain,26.14,53,7.84,11
Bormes les Mimosas,43.1506968,6.3419285,1719662400,broken clouds,24.47,58,6.66,11
Bormes les Mimosas,43.1506968,6.3419285,1719673200,overcast clouds,25.13,59,5.33,11
Bormes les Mimosas,43.1506968,6.3419285,1719684000,broken clouds,23.3,69,3.09,11
Bormes les Mimosas,43.1506968,6.3419285,1719694800,clear sky,20.09,85,0.82,11
Bormes les Mimosas,43.1506968,6.3419285,1719705600,clear sky,19.67,91,1.6,11
Bormes les Mimosas,43.1506968,6.3419285,1719716400,clear sky,19.56,91,1.5,11
Bormes les Mimosas,43.1506968,6.3419285,1719727200,clear sky,21.79,76,1.95,11
Bormes les Mimosas,43.1506968,6.3419285,1719738000,clear sky,25.9,61,4.37,11
Bormes les Mimosas,43.1506968,6.3419285,1719748800,clear sky,29.03,47,6.9,11
Bormes les Mimosas,43.1506968,6.3419285,1719759600,scattered clouds,28.68,49,8.0,11
Bormes les Mimosas,43.1506968,6.3419285,1719770400,broken clouds,26.35,52,7.01,11
Bormes les Mimosas,43.1506968,6.3419285,1719781200,overcast clouds,22.97,64,3.91,11
Bormes les Mimosas,43.1506968,6.3419285,1719792000,overcast clouds,22.57,66,3.68,11
Bormes les Mimosas,43.1506968,6.3419285,1719802800,broken clouds,21.34,72,2.94,11
Bormes les Mimosas,43.1506968,6.3419285,1719813600,overcast clouds,22.6,67,3.35,11
Bormes les Mimosas,43.1506968,6.3419285,1719824400,overcast clouds,25.86,53,4.19,11
Bormes les Mimosas,43.1506968,6.3419285,1719835200,scattered clouds,27.9,48,1.73,11
Bormes les Mimosas,43.1506968,6.3419285,1719846000,clear sky,25.97,59,3.02,11
Bormes les Mimosas,43.1506968,6.3419285,1719856800,clear sky,24.22,67,2.96,11
Cassis,43.2140359,5.5396318,1719435600,clear sky,23.03,61,1.48,13
Cassis,43.2140359,5.5396318,1719446400,clear sky,21.69,67,3.02,13
Cassis,43.2140359,5.5396318,1719457200,clear sky,19.82,81,2.2,13
Cassis,43.2140359,5.5396318,1719468000,few clouds,20.82,71,2.15,13
Cassis,43.2140359,5.5396318,1719478800,overcast clouds,23.38,60,3.26,13
Cassis,43.2140359,5.5396318,1719489600,broken clouds,23.87,63,3.2,13
Cassis,43.2140359,5.5396318,1719500400,few clouds,23.86,67,3.9,13
Cassis,43.2140359,5.5396318,1719511200,few clouds,23.09,71,2.24,13
Cassis,43.2140359,5.5396318,1719522000,clear sky,22.34,74,2.85,13
Cassis,43.2140359,5.5396318,1719532800,scattered clouds,22.1,77,3.11,13
Cassis,43.2140359,5.5396318,1719543600,broken clouds,22.24,75,0.83,13
Cassis,43.2140359,5.5396318,1719554400,scattered clouds,22.19,77,2.62,13
Cassis,43.2140359,5.5396318,1719565200,scattered clouds,23.21,74,3.43,13
Cassis,43.2140359,5.5396318,1719576000,scattered clouds,23.59,73,4.3,13
Cassis,43.2140359,5.5396318,1719586800,scattered clouds,23.02,75,4.37,13
Cassis,43.2140359,5.5396318,1719597600,few clouds,22.57,76,3.48,13
Cassis,43.2140359,5.5396318,1719608400,clear sky,22.19,79,1.79,13
Cassis,43.2140359,5.5396318,1719619200,clear sky,21.01,86,3.43,13
Cassis,43.2140359,5.5396318,1719630000,clear sky,21.5,81,3.63,13
Cassis,43.2140359,5.5396318,1719640800,broken clouds,22.59,70,4.37,13
Cassis,43.2140359,5.5396318,1719651600,light rain,26.29,55,5.9,13
Cassis,43.2140359,5.5396318,1719662400,overcast clouds,27.35,50,9.58,13
Cassis,43.2140359,5.5396318,1719673200,light rain,24.35,64,8.82,13
Cassis,43.2140359,5.5396318,1719684000,broken clouds,22.8,76,7.28,13
Cassis,43.2140359,5.5396318,1719694800,clear sky,21.85,84,3.88,13
Cassis,43.2140359,5.5396318,1719705600,clear sky,21.82,86,1.24,13
Cassis,43.2140359,5.5396318,1719716400,clear sky,21.33,88,3.32,13
Cassis,43.2140359,5.5396318,1719727200,clear sky,22.34,82,3.77,13
Cassis,43.2140359,5.5396318,1719738000,clear sky,24.43,66,6.07,13
Cassis,43.2140359,5.5396318,1719748800,clear sky,24.62,63,6.75,13
Cassis,43.2140359,5.5396318,1719759600,scattered clouds,24.53,63,6.61,13
Cassis,43.2140359,5.5396318,1719770400,broken clouds,24.36,63,5.06,13
Cassis,43.2140359,5.5396318,1719781200,overcast clouds,24.21,62,4.76,13
Cassis,43.2140359,5.5396318,1719792000,overcast clouds,22.65,73,5.17,13
Cassis,43.2140359,5.5396318,1719802800,broken clouds,20.93,71,6.93,13
Cassis,43.2140359,5.5396318,1719813600,broken clouds,20.63,65,7.31,13
Cassis,43.2140359,5.5396318,1719824400,clear sky,23.25,53,10.37,13
Cassis,43.2140359,5.5396318,1719835200,clear sky,26.58,42,11.37,13
Cassis,43.2140359,5.5396318,1719846000,clear sky,27.03,39,12.57,13
Cassis,43.2140359,5.5396318,1719856800,clear sky,26.47,41,9.65,13
Marseille,43.2961743,5.3699525,1719435600,clear sky,24.3,61,1.29,24
Marseille,43.2961743,5.3699525,1719446400,clear sky,23.16,65,2.69,24
Marseille,43.2961743,5.3699525,1719457200,clear sky,21.32,77,1.88,24
Marseille,43.2961743,5.3699525,1719468000,scattered clouds,21.71,73,1.68,24
Marseille,43.2961743,5.3699525,1719478800,overcast clouds,23.93,61,2.63,24
Marseille,43.2961743,5.3699525,1719489600,broken clouds,24.92,62,3.2,24
Marseille,43.2961743,5.3699525,1719500400,few clouds,24.91,67,4.75,24
Marseille,43.2961743,5.3699525,1719511200,few clouds,24.19,71,1.73,24
Marseille,43.2961743,5.3699525,1719522000,clear sky,23.77,73,2.24,24
Marseille,43.2961743,5.3699525,1719532800,scattered clouds,23.53,75,2.7,24
Marseille,43.2961743,5.3699525,1719543600,broken clouds,23.66,72,1.21,24
Marseille,43.2961743,5.3699525,1719554400,scattered clouds,23.53,74,1.85,24
Marseille,43.2961743,5.3699525,1719565200,scattered clouds,23.58,77,3.48,24
Marseille,43.2961743,5.3699525,1719576000,broken clouds,24.09,73,4.02,24
Marseille,43.2961743,5.3699525,1719586800,broken clouds,23.67,76,4.51,24
Marseille,43.2961743,5.3699525,1719597600,scattered clouds,23.3,77,3.64,24
Marseille,43.2961743,5.3699525,1719608400,clear sky,23.18,78,1.29,24
Marseille,43.2961743,5.3699525,1719619200,clear sky,22.44,83,3.35,24
Marseille,43.2961743,5.3699525,1719630000,few clouds,22.44,82,3.68,24
Marseille,43.2961743,5.3699525,1719640800,scattered clouds,23.19,72,3.8,24
Marseille,43.2961743,5.3699525,1719651600,overcast clouds,25.63,63,5.17,24
Marseille,43.2961743,5.3699525,1719662400,overcast clouds,27.54,54,9.06,24
Marseille,43.2961743,5.3699525,1719673200,light rain,24.31,70,10.14,24
Marseille,43.2961743,5.3699525,1719684000,scattered clouds,23.27,80,8.16,24
Marseille,43.2961743,5.3699525,1719694800,clear sky,23.02,83,4.99,24
Marseille,43.2961743,5.3699525,1719705600,clear sky,22.9,86,1.15,24
Marseille,43.2961743,5.3699525,1719716400,clear sky,22.73,87,3.47,24
Marseille,43.2961743,5.3699525,1719727200,clear sky,22.99,83,4.16,24
Marseille,43.2961743,5.3699525,1719738000,clear sky,25.01,67,5.43,24
Marseille,43.2961743,5.3699525,1719748800,clear sky,25.58,61,6.41,24
Marseille,43.2961743,5.3699525,1719759600,broken clouds,26.06,60,6.55,24
Marseille,43.2961743,5.3699525,1719770400,broken clouds,25.8,60,6.07,24
Marseille,43.2961743,5.3699525,1719781200,overcast clouds,26.13,59,5.63,24
Marseille,43.2961743,5.3699525,1719792000,overcast clouds,23.98,69,5.86,24
Marseille,43.2961743,5.3699525,1719802800,broken clouds,21.57,67,7.85,24
Marseille,43.2961743,5.3699525,1719813600,broken clouds,20.62,65,8.61,24
Marseille,43.2961743,5.3699525,1719824400,clear sky,23.14,55,11.41,24
Marseille,43.2961743,5.3699525,1719835200,clear sky,26.56,44,12.37,24
Marseille,43.2961743,5.3699525,1719846000,clear sky,27.36,40,12.88,24
Marseille,43.2961743,5.3699525,1719856800,clear sky,27.08,40,10.72,24
Aix en Provence,43.5298424,5.4474738,1719435600,clear sky,23.58,54,2.38,2
Aix en Provence,43.5298424,5.4474738,1719446400,clear sky,22.02,61,0.88,2
Aix en Provence,43.5298424,5.4474738,1719457200,few clouds,19.64,76,1.28,2
Aix en Provence,43.5298424,5.4474738,1719468000,scattered clouds,20.84,68,1.4,2
Aix en Provence,43.5298424,5.4474738,1719478800,broken clouds,26.56,47,2.01,2
Aix en Provence,43.5298424,5.4474738,1719489600,broken clouds,29.42,37,3.82,2
Aix en Provence,43.5298424,5.4474738,1719500400,few clouds,29.8,38,4.44,2
Aix en Provence,43.5298424,5.4474738,1719511200,clear sky,26.37,53,2.93,2
Aix en Provence,43.5298424,5.4474738,1719522000,clear sky,24.24,62,1.46,2
Aix en Provence,43.5298424,5.4474738,1719532800,scattered clouds,23.57,68,1.2,2
Aix en Provence,43.5298424,5.4474738,1719543600,broken clouds,22.95,70,0.97,2
Aix en Provence,43.5298424,5.4474738,1719554400,scattered clouds,24.67,64,0.5,2
Aix en Provence,43.5298424,5.4474738,1719565200,broken clouds,28.88,51,2.47,2
Aix en Provence,43.5298424,5.4474738,1719576000,broken clouds,32.76,39,3.14,2
Aix en Provence,43.5298424,5.4474738,1719586800,clear sky,31.08,43,3.88,2
Aix en Provence,43.5298424,5.4474738,1719597600,clear sky,28.92,49,2.33,2
Aix en Provence,43.5298424,5.4474738,1719608400,clear sky,26.03,56,0.9,2
Aix en Provence,43.5298424,5.4474738,1719619200,clear sky,24.3,66,0.66,2
Aix en Provence,43.5298424,5.4474738,1719630000,few clouds,22.95,71,1.37,2
Aix en Provence,43.5298424,5.4474738,1719640800,scattered clouds,23.6,62,3.67,2
Aix en Provence,43.5298424,5.4474738,1719651600,light rain,29.41,38,3.69,2
Aix en Provence,43.5298424,5.4474738,1719662400,overcast clouds,29.83,33,6.85,2
Aix en Provence,43.5298424,5.4474738,1719673200,light rain,29.5,36,7.46,2
Aix en Provence,43.5298424,5.4474738,1719684000,broken clouds,27.43,46,6.28,2
Aix en Provence,43.5298424,5.4474738,1719694800,clear sky,24.24,66,2.56,2
Aix en Provence,43.5298424,5.4474738,1719705600,clear sky,23.08,75,1.08,2
Aix en Provence,43.5298424,5.4474738,1719716400,few clouds,22.01,85,1.63,2
Aix en Provence,43.5298424,5.4474738,1719727200,few clouds,22.77,78,1.97,2
Aix en Provence,43.5298424,5.4474738,1719738000,clear sky,27.72,51,3.83,2
Aix en Provence,43.5298424,5.4474738,1719748800,clear sky,30.29,35,4.79,2
Aix en Provence,43.5298424,5.4474738,1719759600,broken clouds,30.85,31,5.25,2
Aix en Provence,43.5298424,5.4474738,1719770400,broken clouds,28.74,40,5.09,2
Aix en Provence,43.5298424,5.4474738,1719781200,overcast clouds,27.24,48,2.17,2
Aix en Provence,43.5298424,5.4474738,1719792000,overcast clouds,25.08,58,2.42,2
Aix en Provence,43.5298424,5.4474738,1719802800,broken clouds,21.4,65,3.21,2
Aix en Provence,43.5298424,5.4474738,1719813600,broken clouds,20.29,63,3.49,2
Aix en Provence,43.5298424,5.4474738,1719824400,clear sky,25.21,46,5.08,2
Aix en Provence,43.5298424,5.4474738,1719835200,clear sky,28.22,32,7.41,2
Aix en Provence,43.5298424,5.4474738,1719846000,clear sky,28.38,29,8.59,2
Aix en Provence,43.5298424,5.4474738,1719856800,clear sky,26.71,38,7.21,2
Avignon,43.9492493,4.8059012,1719435600,clear sky,24.19,69,2.29,6
Avignon,43.9492493,4.8059012,1719446400,clear sky,21.6,76,0.24,6
Avignon,43.9492493,4.8059012,1719457200,clear sky,18.42,87,0.79,6
Avignon,43.9492493,4.8059012,1719468000,scattered clouds,20.56,77,0.94,6
Avignon,43.9492493,4.8059012,1719478800,broken clouds,26.09,57,1.77,6
Avignon,43.9492493,4.8059012,1719489600,broken clouds,31.63,44,1.85,6
Avignon,43.9492493,4.8059012,1719500400,few clouds,33.55,36,1.51,6
Avignon,43.9492493,4.8059012,1719511200,few clouds,28.24,58,4.34,6
Avignon,43.9492493,4.8059012,1719522000,clear sky,23.87,71,1.14,6
Avignon,43.9492493,4.8059012,1719532800,clear sky,22.79,74,0.6,6
Avignon,43.9492493,4.8059012,1719543600,scattered clouds,22.19,77,1.2,6
Avignon,43.9492493,4.8059012,1719554400,scattered clouds,24.67,71,1.35,6
Avignon,43.9492493,4.8059012,1719565200,broken clouds,31.24,54,1.03,6
Avignon,43.9492493,4.8059012,1719576000,broken clouds,36.2,40,1.75,6
Avignon,43.9492493,4.8059012,1719586800,few clouds,32.54,37,6.77,6
Avignon,43.9492493,4.8059012,1719597600,few clouds,28.15,49,4.21,6
Avignon,43.9492493,4.8059012,1719608400,clear sky,22.6,69,1.69,6
Avignon,43.9492493,4.8059012,1719619200,clear sky,21.1,78,1.78,6
Avignon,43.9492493,4.8059012,1719630000,scattered clouds,20.53,83,1.0,6
Avignon,43.9492493,4.8059012,1719640800,broken clouds,21.99,77,1.82,6
Avignon,43.9492493,4.8059012,1719651600,overcast clouds,28.07,53,2.65,6
Avignon,43.9492493,4.8059012,1719662400,overcast clouds,28.99,48,4.26,6
Avignon,43.9492493,4.8059012,1719673200,overcast clouds,29.29,45,9.96,6
Avignon,43.9492493,4.8059012,1719684000,broken clouds,25.53,69,7.42,6
Avignon,43.9492493,4.8059012,1719694800,light rain,21.73,88,2.71,6
Avignon,43.9492493,4.8059012,1719705600,light rain,20.84,94,1.01,6
Avignon,43.9492493,4.8059012,1719716400,few clouds,20.14,96,1.09,6
Avignon,43.9492493,4.8059012,1719727200,scattered clouds,22.0,88,3.29,6
Avignon,43.9492493,4.8059012,1719738000,scattered clouds,26.59,53,4.32,6
Avignon,43.9492493,4.8059012,1719748800,scattered clouds,30.08,41,3.87,6
Avignon,43.9492493,4.8059012,1719759600,few clouds,31.52,37,3.08,6
Avignon,43.9492493,4.8059012,1719770400,few clouds,29.37,47,4.64,6
Avignon,43.9492493,4.8059012,1719781200,broken clouds,21.47,69,8.95,6
Avignon,43.9492493,4.8059012,1719792000,overcast clouds,19.53,67,9.61,6
Avignon,43.9492493,4.8059012,1719802800,overcast clouds,18.8,66,9.04,6
Avignon,43.9492493,4.8059012,1719813600,overcast clouds,18.15,66,10.72,6
Avignon,43.9492493,4.8059012,1719824400,clear sky,22.03,54,11.7,6
Avignon,43.9492493,4.8059012,1719835200,clear sky,26.41,44,11.9,6
Avignon,43.9492493,4.8059012,1719846000,clear sky,27.6,43,11.52,6
Avignon,43.9492493,4.8059012,1719856800,clear sky,24.72,52,10.77,6
Uzes,44.0121279,4.4196718,1719435600,clear sky,22.81,74,1.99,34
Uzes,44.0121279,4.4196718,1719446400,few clouds,20.33,83,0.67,34
Uzes,44.0121279,4.4196718,1719457200,clear sky,17.43,92,0.31,34
Uzes,44.0121279,4.4196718,1719468000,scattered clouds,19.88,82,0.73,34
Uzes,44.0121279,4.4196718,1719478800,broken clouds,25.44,64,1.1,34
Uzes,44.0121279,4.4196718,1719489600,scattered clouds,31.38,45,0.96,34
Uzes,44.0121279,4.4196718,1719500400,few clouds,33.1,38,1.9,34
Uzes,44.0121279,4.4196718,1719511200,light rain,26.12,66,3.59,34
Uzes,44.0121279,4.4196718,1719522000,clear sky,23.08,75,0.84,34
Uzes,44.0121279,4.4196718,1719532800,clear sky,22.29,78,0.13,34
Uzes,44.0121279,4.4196718,1719543600,scattered clouds,21.65,84,1.37,34
Uzes,44.0121279,4.4196718,1719554400,scattered clouds,24.28,77,1.27,34
Uzes,44.0121279,4.4196718,1719565200,broken clouds,30.73,58,1.23,34
Uzes,44.0121279,4.4196718,1719576000,broken clouds,34.12,46,2.85,34
Uzes,44.0121279,4.4196718,1719586800,clear sky,31.06,37,6.04,34
Uzes,44.0121279,4.4196718,1719597600,clear sky,26.29,53,3.98,34
Uzes,44.0121279,4.4196718,1719608400,clear sky,20.86,71,1.22,34
Uzes,44.0121279,4.4196718,1719619200,clear sky,19.36,79,1.22,34
Uzes,44.0121279,4.4196718,1719630000,few clouds,18.79,88,0.32,34
Uzes,44.0121279,4.4196718,1719640800,scattered clouds,20.98,80,1.57,34
Uzes,44.0121279,4.4196718,1719651600,overcast clouds,26.14,62,0.31,34
Uzes,44.0121279,4.4196718,1719662400,overcast clouds,29.4,50,5.1,34
Uzes,44.0121279,4.4196718,1719673200,light rain,25.58,60,8.05,34
Uzes,44.0121279,4.4196718,1719684000,broken clouds,24.1,77,6.36,34
Uzes,44.0121279,4.4196718,1719694800,light rain,20.28,98,2.58,34
Uzes,44.0121279,4.4196718,1719705600,light rain,19.78,99,1.01,34
Uzes,44.0121279,4.4196718,1719716400,broken clouds,19.33,97,1.58,34
Uzes,44.0121279,4.4196718,1719727200,scattered clouds,20.72,83,2.93,34
Uzes,44.0121279,4.4196718,1719738000,scattered clouds,25.38,55,3.36,34
Uzes,44.0121279,4.4196718,1719748800,broken clouds,28.99,43,2.15,34
Uzes,44.0121279,4.4196718,1719759600,few clouds,30.38,37,3.23,34
Uzes,44.0121279,4.4196718,1719770400,scattered clouds,27.79,53,3.09,34
Uzes,44.0121279,4.4196718,1719781200,broken clouds,21.01,71,7.13,34
Uzes,44.0121279,4.4196718,1719792000,broken clouds,18.61,75,6.24,34
Uzes,44.0121279,4.4196718,1719802800,overcast clouds,17.39,81,4.76,34
Uzes,44.0121279,4.4196718,1719813600,broken clouds,18.11,74,5.19,34
Uzes,44.0121279,4.4196718,1719824400,clear sky,23.45,50,6.79,34
Uzes,44.0121279,4.4196718,1719835200,clear sky,27.47,38,8.34,34
Uzes,44.0121279,4.4196718,1719846000,clear sky,27.81,40,9.2,34
Uzes,44.0121279,4.4196718,1719856800,clear sky,24.15,54,9.32,34
Nimes,43.8374249,4.3600687,1719435600,clear sky,23.04,71,1.89,27
Nimes,43.8374249,4.3600687,1719446400,few clouds,20.98,80,0.72,27
Nimes,43.8374249,4.3600687,1719457200,clear sky,18.38,89,0.11,27
Nimes,43.8374249,4.3600687,1719468000,broken clouds,20.65,78,1.64,27
Nimes,43.8374249,4.3600687,1719478800,broken clouds,27.56,54,0.96,27
Nimes,43.8374249,4.3600687,1719489600,broken clouds,32.64,36,0.32,27
Nimes,43.8374249,4.3600687,1719500400,few clouds,32.74,37,5.1,27
Nimes,43.8374249,4.3600687,1719511200,light rain,25.8,68,3.09,27
Nimes,43.8374249,4.3600687,1719522000,light rain,22.99,77,0.68,27
Nimes,43.8374249,4.3600687,1719532800,clear sky,21.86,79,0.58,27
Nimes,43.8374249,4.3600687,1719543600,overcast clouds,21.96,79,1.03,27
Nimes,43.8374249,4.3600687,1719554400,broken clouds,24.35,74,1.0,27
Nimes,43.8374249,4.3600687,1719565200,broken clouds,30.47,52,1.5,27
Nimes,43.8374249,4.3600687,1719576000,broken clouds,33.92,35,3.89,27
Nimes,43.8374249,4.3600687,1719586800,clear sky,30.05,33,5.35,27
Nimes,43.8374249,4.3600687,1719597600,few clouds,26.16,51,3.7,27
Nimes,43.8374249,4.3600687,1719608400,few clouds,21.49,73,1.19,27
Nimes,43.8374249,4.3600687,1719619200,few clouds,20.16,84,0.92,27
Nimes,43.8374249,4.3600687,1719630000,scattered clouds,19.64,88,0.91,27
Nimes,43.8374249,4.3600687,1719640800,broken clouds,21.83,80,1.11,27
Nimes,43.8374249,4.3600687,1719651600,overcast clouds,27.76,58,0.5,27
Nimes,43.8374249,4.3600687,1719662400,overcast clouds,30.09,43,6.33,27
Nimes,43.8374249,4.3600687,1719673200,light rain,26.66,56,8.28,27
Nimes,43.8374249,4.3600687,1719684000,broken clouds,24.71,76,5.51,27
Nimes,43.8374249,4.3600687,1719694800,light rain,21.42,93,1.79,27
Nimes,43.8374249,4.3600687,1719705600,light rain,20.73,96,0.78,27
Nimes,43.8374249,4.3600687,1719716400,few clouds,20.35,97,1.44,27
Nimes,43.8374249,4.3600687,1719727200,few clouds,21.34,71,3.73,27
Nimes,43.8374249,4.3600687,1719738000,few clouds,26.57,50,3.83,27
Nimes,43.8374249,4.3600687,1719748800,scattered clouds,30.12,37,2.88,27
Nimes,43.8374249,4.3600687,1719759600,broken clouds,31.78,31,2.43,27
Nimes,43.8374249,4.3600687,1719770400,broken clouds,28.84,41,4.37,27
Nimes,43.8374249,4.3600687,1719781200,overcast clouds,23.03,63,6.45,27
Nimes,43.8374249,4.3600687,1719792000,overcast clouds,20.71,67,5.89,27
Nimes,43.8374249,4.3600687,1719802800,overcast clouds,19.17,75,4.11,27
Nimes,43.8374249,4.3600687,1719813600,overcast clouds,19.53,66,5.56,27
Nimes,43.8374249,4.3600687,1719824400,clear sky,24.96,43,6.19,27
Nimes,43.8374249,4.3600687,1719835200,clear sky,28.66,32,7.15,27
Nimes,43.8374249,4.3600687,1719846000,clear sky,29.33,34,9.01,27
Nimes,43.8374249,4.3600687,1719856800,clear sky,25.33,49,9.0,27
Aigues Mortes,43.5658225,4.1912837,1719435600,scattered clouds,22.68,87,1.94,1
Aigues Mortes,43.5658225,4.1912837,1719446400,scattered clouds,21.3,86,1.51,1
Aigues Mortes,43.5658225,4.1912837,1719457200,scattered clouds,19.85,87,0.85,1
Aigues Mortes,43.5658225,4.1912837,1719468000,broken clouds,20.41,82,1.79,1
Aigues Mortes,43.5658225,4.1912837,1719478800,scattered clouds,23.44,67,1.92,1
Aigues Mortes,43.5658225,4.1912837,1719489600,scattered clouds,24.56,63,3.24,1
Aigues Mortes,43.5658225,4.1912837,1719500400,scattered clouds,24.4,71,5.24,1
Aigues Mortes,43.5658225,4.1912837,1719511200,light rain,23.19,77,2.13,1
Aigues Mortes,43.5658225,4.1912837,1719522000,light rain,21.97,82,3.03,1
Aigues Mortes,43.5658225,4.1912837,1719532800,scattered clouds,21.53,83,0.87,1
Aigues Mortes,43.5658225,4.1912837,1719543600,overcast clouds,21.41,81,0.62,1
Aigues Mortes,43.5658225,4.1912837,1719554400,broken clouds,22.65,75,0.98,1
Aigues Mortes,43.5658225,4.1912837,1719565200,overcast clouds,24.76,64,2.6,1
Aigues Mortes,43.5658225,4.1912837,1719576000,broken clouds,25.2,61,5.45,1
Aigues Mortes,43.5658225,4.1912837,1719586800,clear sky,24.41,66,4.65,1
Aigues Mortes,43.5658225,4.1912837,1719597600,few clouds,23.02,73,3.2,1
Aigues Mortes,43.5658225,4.1912837,1719608400,few clouds,21.33,87,2.48,1
Aigues Mortes,43.5658225,4.1912837,1719619200,few clouds,20.94,90,2.72,1
Aigues Mortes,43.5658225,4.1912837,1719630000,scattered clouds,20.5,91,3.21,1
Aigues Mortes,43.5658225,4.1912837,1719640800,broken clouds,21.9,84,2.69,1
Aigues Mortes,43.5658225,4.1912837,1719651600,overcast clouds,23.65,74,3.39,1
Aigues Mortes,43.5658225,4.1912837,1719662400,light rain,23.53,76,7.62,1
Aigues Mortes,43.5658225,4.1912837,1719673200,light rain,22.84,84,7.72,1
Aigues Mortes,43.5658225,4.1912837,1719684000,broken clouds,22.55,90,4.89,1
Aigues Mortes,43.5658225,4.1912837,1719694800,clear sky,21.38,96,1.16,1
Aigues Mortes,43.5658225,4.1912837,1719705600,clear sky,21.62,91,2.28,1
Aigues Mortes,43.5658225,4.1912837,1719716400,clear sky,20.74,80,4.78,1
Aigues Mortes,43.5658225,4.1912837,1719727200,clear sky,21.26,74,3.47,1
Aigues Mortes,43.5658225,4.1912837,1719738000,clear sky,24.55,59,1.98,1
Aigues Mortes,43.5658225,4.1912837,1719748800,scattered clouds,26.48,55,3.5,1
Aigues Mortes,43.5658225,4.1912837,1719759600,broken clouds,28.14,52,5.01,1
Aigues Mortes,43.5658225,4.1912837,1719770400,overcast clouds,27.26,52,7.33,1
Aigues Mortes,43.5658225,4.1912837,1719781200,overcast clouds,23.51,64,3.6,1
Aigues Mortes,43.5658225,4.1912837,1719792000,overcast clouds,21.79,72,2.82,1
Aigues Mortes,43.5658225,4.1912837,1719802800,overcast clouds,20.43,76,2.77,1
Aigues Mortes,43.5658225,4.1912837,1719813600,broken clouds,20.55,69,4.56,1
Aigues Mortes,43.5658225,4.1912837,1719824400,clear sky,23.5,56,3.25,1
Aigues Mortes,43.5658225,4.1912837,1719835200,clear sky,27.06,45,0.76,1
Aigues Mortes,43.5658225,4.1912837,1719846000,clear sky,27.95,49,1.09,1
Aigues Mortes,43.5658225,4.1912837,1719856800,clear sky,25.99,53,6.35,1
Saintes Maries de la mer,43.4522771,4.4287172,1719435600,clear sky,23.67,85,2.39,30
Saintes Maries de la mer,43.4522771,4.4287172,1719446400,clear sky,22.1,85,1.81,30
Saintes Maries de la mer,43.4522771,4.4287172,1719457200,few clouds,20.44,86,0.68,30
Saintes Maries de la mer,43.4522771,4.4287172,1719468000,broken clouds,20.79,82,1.95,30
Saintes Maries de la mer,43.4522771,4.4287172,1719478800,scattered clouds,22.86,71,2.05,30
Saintes Maries de la mer,43.4522771,4.4287172,1719489600,scattered clouds,22.71,73,3.57,30
Saintes Maries de la mer,43.4522771,4.4287172,1719500400,scattered clouds,22.38,80,5.26,30
Saintes Maries de la mer,43.4522771,4.4287172,1719511200,few clouds,22.93,81,2.99,30
Saintes Maries de la mer,43.4522771,4.4287172,1719522000,few clouds,22.26,82,3.0,30
Saintes Maries de la mer,43.4522771,4.4287172,1719532800,broken clouds,21.74,84,0.93,30
Saintes Maries de la mer,43.4522771,4.4287172,1719543600,broken clouds,21.68,80,1.09,30
Saintes Maries de la mer,43.4522771,4.4287172,1719554400,broken clouds,22.47,75,1.64,30
Saintes Maries de la mer,43.4522771,4.4287172,1719565200,broken clouds,23.58,69,2.76,30
Saintes Maries de la mer,43.4522771,4.4287172,1719576000,broken clouds,23.21,68,5.48,30
Saintes Maries de la mer,43.4522771,4.4287172,1719586800,clear sky,23.03,75,5.26,30
Saintes Maries de la mer,43.4522771,4.4287172,1719597600,few clouds,22.51,81,4.02,30
Saintes Maries de la mer,43.4522771,4.4287172,1719608400,scattered clouds,21.64,88,2.72,30
Saintes Maries de la mer,43.4522771,4.4287172,1719619200,few clouds,21.29,89,3.7,30
Saintes Maries de la mer,43.4522771,4.4287172,1719630000,scattered clouds,21.15,90,4.45,30
Saintes Maries de la mer,43.4522771,4.4287172,1719640800,broken clouds,21.93,84,4.65,30
Saintes Maries de la mer,43.4522771,4.4287172,1719651600,overcast clouds,23.78,73,3.07,30
Saintes Maries de la mer,43.4522771,4.4287172,1719662400,light rain,22.1,83,9.22,30
Saintes Maries de la mer,43.4522771,4.4287172,1719673200,light rain,22.5,84,9.67,30
Saintes Maries de la mer,43.4522771,4.4287172,1719684000,broken clouds,22.1,91,5.66,30
Saintes Maries de la mer,43.4522771,4.4287172,1719694800,clear sky,21.59,95,2.71,30
Saintes Maries de la mer,43.4522771,4.4287172,1719705600,light rain,21.39,96,1.83,30
Saintes Maries de la mer,43.4522771,4.4287172,1719716400,clear sky,20.9,88,4.47,30
Saintes Maries de la mer,43.4522771,4.4287172,1719727200,clear sky,21.42,82,4.12,30
Saintes Maries de la mer,43.4522771,4.4287172,1719738000,clear sky,23.68,64,3.51,30
Saintes Maries de la mer,43.4522771,4.4287172,1719748800,few clouds,24.42,65,4.77,30
Saintes Maries de la mer,43.4522771,4.4287172,1719759600,scattered clouds,24.33,67,6.68,30
Saintes Maries de la mer,43.4522771,4.4287172,1719770400,broken clouds,25.54,60,8.26,30
Saintes Maries de la mer,43.4522771,4.4287172,1719781200,overcast clouds,22.95,71,5.49,30
Saintes Maries de la mer,43.4522771,4.4287172,1719792000,overcast clouds,21.4,72,5.29,30
Saintes Maries de la mer,43.4522771,4.4287172,1719802800,overcast clouds,20.11,77,4.59,30
Saintes Maries de la mer,43.4522771,4.4287172,1719813600,broken clouds,20.22,74,6.73,30
Saintes Maries de la mer,43.4522771,4.4287172,1719824400,few clouds,23.26,57,6.26,30
Saintes Maries de la mer,43.4522771,4.4287172,1719835200,clear sky,25.69,51,4.69,30
Saintes Maries de la mer,43.4522771,4.4287172,1719846000,clear sky,27.18,50,3.46,30
Saintes Maries de la mer,43.4522771,4.4287172,1719856800,clear sky,25.18,56,7.66,30
Collioure,42.52505,3.0831554,1719435600,broken clouds,24.01,76,1.03,15
Collioure,42.52505,3.0831554,1719446400,broken clouds,22.45,80,0.7,15
Collioure,42.52505,3.0831554,1719457200,overcast clouds,20.54,88,1.05,15
Collioure,42.52505,3.0831554,1719468000,broken clouds,22.23,81,1.41,15
Collioure,42.52505,3.0831554,1719478800,clear sky,28.28,61,2.07,15
Collioure,42.52505,3.0831554,1719489600,few clouds,30.2,55,2.98,15
Collioure,42.52505,3.0831554,1719500400,few clouds,31.35,53,3.96,15
Collioure,42.52505,3.0831554,1719511200,light rain,29.33,57,2.61,15
Collioure,42.52505,3.0831554,1719522000,light rain,24.09,70,1.61,15
Collioure,42.52505,3.0831554,1719532800,broken clouds,22.98,75,1.02,15
Collioure,42.52505,3.0831554,1719543600,broken clouds,22.61,80,0.9,15
Collioure,42.52505,3.0831554,1719554400,broken clouds,24.75,73,0.22,15
Collioure,42.52505,3.0831554,1719565200,broken clouds,28.74,54,2.0,15
Collioure,42.52505,3.0831554,1719576000,scattered clouds,30.57,45,4.6,15
Collioure,42.52505,3.0831554,1719586800,clear sky,29.71,42,5.64,15
Collioure,42.52505,3.0831554,1719597600,clear sky,26.29,56,4.79,15
Collioure,42.52505,3.0831554,1719608400,broken clouds,21.99,72,4.15,15
Collioure,42.52505,3.0831554,1719619200,broken clouds,20.99,71,3.6,15
Collioure,42.52505,3.0831554,1719630000,broken clouds,20.17,79,3.12,15
Collioure,42.52505,3.0831554,1719640800,broken clouds,22.29,77,3.35,15
Collioure,42.52505,3.0831554,1719651600,light rain,25.79,68,4.32,15
Collioure,42.52505,3.0831554,1719662400,light rain,28.4,65,5.12,15
Collioure,42.52505,3.0831554,1719673200,broken clouds,31.77,40,7.68,15
Collioure,42.52505,3.0831554,1719684000,scattered clouds,25.66,68,6.29,15
Collioure,42.52505,3.0831554,1719694800,clear sky,22.96,75,4.95,15
Collioure,42.52505,3.0831554,1719705600,clear sky,21.29,80,4.51,15
Collioure,42.52505,3.0831554,1719716400,broken clouds,19.95,79,4.1,15
Collioure,42.52505,3.0831554,1719727200,scattered clouds,20.91,71,3.49,15
Collioure,42.52505,3.0831554,1719738000,scattered clouds,25.17,55,3.4,15
Collioure,42.52505,3.0831554,1719748800,broken clouds,27.95,50,3.05,15
Collioure,42.52505,3.0831554,1719759600,overcast clouds,28.71,47,3.6,15
Collioure,42.52505,3.0831554,1719770400,light rain,25.61,60,4.25,15
Collioure,42.52505,3.0831554,1719781200,light rain,21.05,86,4.14,15
Collioure,42.52505,3.0831554,1719792000,light rain,20.18,87,3.39,15
Collioure,42.52505,3.0831554,1719802800,scattered clouds,19.45,85,4.57,15
Collioure,42.52505,3.0831554,1719813600,few clouds,20.85,77,5.95,15
Collioure,42.52505,3.0831554,1719824400,clear sky,25.96,48,7.53,15
Collioure,42.52505,3.0831554,1719835200,clear sky,28.45,41,8.42,15
Collioure,42.52505,3.0831554,1719846000,light rain,28.91,40,8.27,15
Collioure,42.52505,3.0831554,1719856800,clear sky,27.18,46,7.52,15
Carcassonne,43.2130358,2.3491069,1719435600,clear sky,26.04,61,3.01,12
Carcassonne,43.2130358,2.3491069,1719446400,scattered clouds,22.78,76,2.68,12
Carcassonne,43.2130358,2.3491069,1719457200,overcast clouds,19.59,87,1.64,12
Carcassonne,43.2130358,2.3491069,1719468000,broken clouds,22.07,75,0.48,12
Carcassonne,43.2130358,2.3491069,1719478800,light rain,29.05,54,2.0,12
Carcassonne,43.2130358,2.3491069,1719489600,scattered clouds,34.48,34,2.58,12
Carcassonne,43.2130358,2.3491069,1719500400,clear sky,36.71,30,2.21,12
Carcassonne,43.2130358,2.3491069,1719511200,light rain,30.7,54,2.6,12
Carcassonne,43.2130358,2.3491069,1719522000,overcast clouds,25.15,71,0.36,12
Carcassonne,43.2130358,2.3491069,1719532800,overcast clouds,23.81,78,0.83,12
Carcassonne,43.2130358,2.3491069,1719543600,few clouds,22.46,94,2.69,12
Carcassonne,43.2130358,2.3491069,1719554400,scattered clouds,22.63,90,2.89,12
Carcassonne,43.2130358,2.3491069,1719565200,overcast clouds,29.49,66,2.05,12
Carcassonne,43.2130358,2.3491069,1719576000,broken clouds,35.4,38,2.74,12
Carcassonne,43.2130358,2.3491069,1719586800,clear sky,33.61,32,7.88,12
Carcassonne,43.2130358,2.3491069,1719597600,scattered clouds,27.41,42,7.12,12
Carcassonne,43.2130358,2.3491069,1719608400,overcast clouds,21.62,67,5.93,12
Carcassonne,43.2130358,2.3491069,1719619200,overcast clouds,19.73,81,5.84,12
Carcassonne,43.2130358,2.3491069,1719630000,overcast clouds,19.12,88,6.53,12
Carcassonne,43.2130358,2.3491069,1719640800,broken clouds,20.58,84,6.48,12
Carcassonne,43.2130358,2.3491069,1719651600,light rain,25.27,62,7.43,12
Carcassonne,43.2130358,2.3491069,1719662400,overcast clouds,26.08,60,7.35,12
Carcassonne,43.2130358,2.3491069,1719673200,light rain,25.35,73,2.43,12
Carcassonne,43.2130358,2.3491069,1719684000,light rain,23.87,75,5.99,12
Carcassonne,43.2130358,2.3491069,1719694800,scattered clouds,20.32,86,5.37,12
Carcassonne,43.2130358,2.3491069,1719705600,scattered clouds,18.16,88,4.76,12
Carcassonne,43.2130358,2.3491069,1719716400,broken clouds,17.53,87,3.99,12
Carcassonne,43.2130358,2.3491069,1719727200,broken clouds,18.1,80,4.41,12
Carcassonne,43.2130358,2.3491069,1719738000,overcast clouds,21.78,61,5.29,12
Carcassonne,43.2130358,2.3491069,1719748800,overcast clouds,25.05,51,5.73,12
Carcassonne,43.2130358,2.3491069,1719759600,light rain,23.53,60,5.76,12
Carcassonne,43.2130358,2.3491069,1719770400,overcast clouds,22.55,64,6.19,12
Carcassonne,43.2130358,2.3491069,1719781200,overcast clouds,19.38,85,4.4,12
Carcassonne,43.2130358,2.3491069,1719792000,overcast clouds,17.85,89,4.22,12
Carcassonne,43.2130358,2.3491069,1719802800,broken clouds,16.59,90,4.11,12
Carcassonne,43.2130358,2.3491069,1719813600,scattered clouds,17.94,77,4.78,12
Carcassonne,43.2130358,2.3491069,1719824400,clear sky,23.32,54,6.96,12
Carcassonne,43.2130358,2.3491069,1719835200,clear sky,27.03,43,7.89,12
Carcassonne,43.2130358,2.3491069,1719846000,clear sky,27.46,42,7.7,12
Carcassonne,43.2130358,2.3491069,1719856800,clear sky,24.87,51,6.88,12
Arige,42.8458016,1.6067586,1719435600,overcast clouds,26.31,79,3.06,5
Arige,42.8458016,1.6067586,1719446400,overcast clouds,24.26,75,2.43,5
Arige,42.8458016,1.6067586,1719457200,scattered clouds,20.24,80,2.89,5
Arige,42.8458016,1.6067586,1719468000,scattered clouds,22.85,72,2.08,5
Arige,42.8458016,1.6067586,1719478800,scattered clouds,29.77,52,1.97,5
Arige,42.8458016,1.6067586,1719489600,light rain,32.72,53,3.38,5
Arige,42.8458016,1.6067586,1719500400,moderate rain,32.51,65,3.1,5
Arige,42.8458016,1.6067586,1719511200,light rain,26.62,91,1.45,5
Arige,42.8458016,1.6067586,1719522000,overcast clouds,22.97,91,2.04,5
Arige,42.8458016,1.6067586,1719532800,overcast clouds,21.33,91,2.59,5
Arige,42.8458016,1.6067586,1719543600,broken clouds,20.44,92,2.45,5
Arige,42.8458016,1.6067586,1719554400,broken clouds,22.4,87,1.45,5
Arige,42.8458016,1.6067586,1719565200,broken clouds,28.99,59,1.53,5
Arige,42.8458016,1.6067586,1719576000,scattered clouds,31.51,48,1.46,5
Arige,42.8458016,1.6067586,1719586800,broken clouds,32.8,44,1.68,5
Arige,42.8458016,1.6067586,1719597600,light rain,30.19,76,1.33,5
Arige,42.8458016,1.6067586,1719608400,scattered clouds,21.63,81,3.37,5
Arige,42.8458016,1.6067586,1719619200,scattered clouds,20.46,69,4.01,5
Arige,42.8458016,1.6067586,1719630000,few clouds,19.55,56,3.48,5
Arige,42.8458016,1.6067586,1719640800,scattered clouds,21.87,62,1.74,5
Arige,42.8458016,1.6067586,1719651600,overcast clouds,24.55,61,1.67,5
Arige,42.8458016,1.6067586,1719662400,light rain,25.9,58,1.54,5
Arige,42.8458016,1.6067586,1719673200,light rain,23.98,66,1.53,5
Arige,42.8458016,1.6067586,1719684000,light rain,21.12,86,1.72,5
Arige,42.8458016,1.6067586,1719694800,light rain,18.43,98,0.66,5
Arige,42.8458016,1.6067586,1719705600,broken clouds,16.95,93,0.73,5
Arige,42.8458016,1.6067586,1719716400,scattered clouds,16.46,93,0.62,5
Arige,42.8458016,1.6067586,1719727200,broken clouds,17.91,92,0.39,5
Arige,42.8458016,1.6067586,1719738000,light rain,20.6,84,2.07,5
Arige,42.8458016,1.6067586,1719748800,light rain,21.09,83,1.96,5
Arige,42.8458016,1.6067586,1719759600,light rain,21.64,86,1.91,5
Arige,42.8458016,1.6067586,1719770400,light rain,19.96,95,1.79,5
Arige,42.8458016,1.6067586,1719781200,light rain,18.51,100,1.15,5
Arige,42.8458016,1.6067586,1719792000,overcast clouds,17.86,100,0.71,5
Arige,42.8458016,1.6067586,1719802800,overcast clouds,17.03,99,1.03,5
Arige,42.8458016,1.6067586,1719813600,light rain,17.14,98,0.58,5
Arige,42.8458016,1.6067586,1719824400,light rain,17.47,98,1.67,5
Arige,42.8458016,1.6067586,1719835200,light rain,21.0,80,2.52,5
Arige,42.8458016,1.6067586,1719846000,overcast clouds,21.39,76,2.45,5
Arige,42.8458016,1.6067586,1719856800,light rain,19.77,87,1.6,5
Toulouse,43.6044622,1.4442469,1719435600,clear sky,28.96,50,2.51,33
Toulouse,43.6044622,1.4442469,1719446400,scattered clouds,24.84,64,2.49,33
Toulouse,43.6044622,1.4442469,1719457200,overcast clouds,20.8,79,2.2,33
Toulouse,43.6044622,1.4442469,1719468000,light rain,21.71,81,1.05,33
Toulouse,43.6044622,1.4442469,1719478800,scattered clouds,27.96,62,0.51,33
Toulouse,43.6044622,1.4442469,1719489600,scattered clouds,31.87,49,1.56,33
Toulouse,43.6044622,1.4442469,1719500400,scattered clouds,33.76,47,2.1,33
Toulouse,43.6044622,1.4442469,1719511200,scattered clouds,32.65,61,3.09,33
Toulouse,43.6044622,1.4442469,1719522000,light rain,25.58,76,2.11,33
Toulouse,43.6044622,1.4442469,1719532800,light rain,23.49,86,3.6,33
Toulouse,43.6044622,1.4442469,1719543600,scattered clouds,20.9,94,3.34,33
Toulouse,43.6044622,1.4442469,1719554400,broken clouds,21.21,88,3.03,33
Toulouse,43.6044622,1.4442469,1719565200,light rain,25.26,72,2.03,33
Toulouse,43.6044622,1.4442469,1719576000,broken clouds,30.24,62,0.75,33
Toulouse,43.6044622,1.4442469,1719586800,broken clouds,33.7,53,0.96,33
Toulouse,43.6044622,1.4442469,1719597600,broken clouds,33.31,63,0.47,33
Toulouse,43.6044622,1.4442469,1719608400,overcast clouds,24.25,73,2.05,33
Toulouse,43.6044622,1.4442469,1719619200,overcast clouds,20.69,67,4.93,33
Toulouse,43.6044622,1.4442469,1719630000,overcast clouds,19.69,76,4.88,33
Toulouse,43.6044622,1.4442469,1719640800,overcast clouds,19.94,83,5.57,33
Toulouse,43.6044622,1.4442469,1719651600,overcast clouds,24.3,66,3.35,33
Toulouse,43.6044622,1.4442469,1719662400,light rain,23.45,74,4.09,33
Toulouse,43.6044622,1.4442469,1719673200,moderate rain,24.02,76,5.04,33
Toulouse,43.6044622,1.4442469,1719684000,light rain,23.12,76,5.53,33
Toulouse,43.6044622,1.4442469,1719694800,scattered clouds,18.99,82,4.5,33
Toulouse,43.6044622,1.4442469,1719705600,scattered clouds,16.62,90,3.6,33
Toulouse,43.6044622,1.4442469,1719716400,overcast clouds,16.49,85,3.09,33
Toulouse,43.6044622,1.4442469,1719727200,overcast clouds,16.86,81,3.14,33
Toulouse,43.6044622,1.4442469,1719738000,overcast clouds,19.48,70,2.36,33
Toulouse,43.6044622,1.4442469,1719748800,overcast clouds,22.56,62,2.74,33
Toulouse,43.6044622,1.4442469,1719759600,light rain,21.56,71,2.85,33
Toulouse,43.6044622,1.4442469,1719770400,light rain,21.68,72,2.82,33
Toulouse,43.6044622,1.4442469,1719781200,overcast clouds,19.43,80,2.53,33
Toulouse,43.6044622,1.4442469,1719792000,overcast clouds,16.59,85,2.51,33
Toulouse,43.6044622,1.4442469,1719802800,clear sky,15.24,86,2.21,33
Toulouse,43.6044622,1.4442469,1719813600,clear sky,16.91,80,2.32,33
Toulouse,43.6044622,1.4442469,1719824400,clear sky,22.01,62,3.63,33
Toulouse,43.6044622,1.4442469,1719835200,clear sky,24.85,52,4.91,33
Toulouse,43.6044622,1.4442469,1719846000,scattered clouds,26.15,47,4.84,33
Toulouse,43.6044622,1.4442469,1719856800,few clouds,23.7,57,4.46,33
Montauban,44.0175835,1.3549991,1719435600,light rain,30.18,59,1.54,26
Montauban,44.0175835,1.3549991,1719446400,scattered clouds,24.96,67,1.57,26
Montauban,44.0175835,1.3549991,1719457200,overcast clouds,21.23,76,0.77,26
Montauban,44.0175835,1.3549991,1719468000,overcast clouds,22.26,78,1.5,26
Montauban,44.0175835,1.3549991,1719478800,few clouds,26.25,70,1.92,26
Montauban,44.0175835,1.3549991,1719489600,few clouds,30.85,60,2.25,26
Montauban,44.0175835,1.3549991,1719500400,scattered clouds,33.09,57,2.93,26
Montauban,44.0175835,1.3549991,1719511200,few clouds,32.45,67,2.65,26
Montauban,44.0175835,1.3549991,1719522000,few clouds,25.0,79,2.08,26
Montauban,44.0175835,1.3549991,1719532800,scattered clouds,23.17,88,2.4,26
Montauban,44.0175835,1.3549991,1719543600,broken clouds,21.12,97,2.51,26
Montauban,44.0175835,1.3549991,1719554400,overcast clouds,20.92,87,2.84,26
Montauban,44.0175835,1.3549991,1719565200,light rain,24.77,74,2.47,26
Montauban,44.0175835,1.3549991,1719576000,light rain,30.8,65,0.34,26
Montauban,44.0175835,1.3549991,1719586800,broken clouds,33.34,59,2.85,26
Montauban,44.0175835,1.3549991,1719597600,broken clouds,31.24,74,3.75,26
Montauban,44.0175835,1.3549991,1719608400,overcast clouds,24.51,77,1.75,26
Montauban,44.0175835,1.3549991,1719619200,overcast clouds,21.12,76,3.32,26
Montauban,44.0175835,1.3549991,1719630000,overcast clouds,18.49,69,2.37,26
Montauban,44.0175835,1.3549991,1719640800,overcast clouds,20.07,76,1.93,26
Montauban,44.0175835,1.3549991,1719651600,overcast clouds,23.28,71,5.07,26
Montauban,44.0175835,1.3549991,1719662400,light rain,22.23,84,6.41,26
Montauban,44.0175835,1.3549991,1719673200,moderate rain,24.01,76,4.61,26
Montauban,44.0175835,1.3549991,1719684000,light rain,23.15,78,6.54,26
Montauban,44.0175835,1.3549991,1719694800,few clouds,17.89,92,3.65,26
Montauban,44.0175835,1.3549991,1719705600,light rain,17.56,91,3.21,26
Montauban,44.0175835,1.3549991,1719716400,overcast clouds,15.3,94,3.3,26
Montauban,44.0175835,1.3549991,1719727200,overcast clouds,16.44,86,2.75,26
Montauban,44.0175835,1.3549991,1719738000,overcast clouds,19.28,76,2.6,26
Montauban,44.0175835,1.3549991,1719748800,light rain,21.72,68,3.7,26
Montauban,44.0175835,1.3549991,1719759600,overcast clouds,22.67,64,3.39,26
Montauban,44.0175835,1.3549991,1719770400,light rain,20.69,77,3.25,26
Montauban,44.0175835,1.3549991,1719781200,broken clouds,17.21,85,2.35,26
Montauban,44.0175835,1.3549991,1719792000,broken clouds,15.43,86,1.5,26
Montauban,44.0175835,1.3549991,1719802800,clear sky,14.51,90,2.38,26
Montauban,44.0175835,1.3549991,1719813600,clear sky,16.1,84,2.01,26
Montauban,44.0175835,1.3549991,1719824400,clear sky,21.18,67,3.45,26
Montauban,44.0175835,1.3549991,1719835200,clear sky,24.12,56,4.7,26
Montauban,44.0175835,1.3549991,1719846000,clear sky,25.16,54,5.21,26
Montauban,44.0175835,1.3549991,1719856800,clear sky,23.17,64,4.48,26
Biarritz,43.4832523,-1.5592776,1719435600,moderate rain,23.07,87,4.29,10
Biarritz,43.4832523,-1.5592776,1719446400,broken clouds,21.58,90,3.39,10
Biarritz,43.4832523,-1.5592776,1719457200,overcast clouds,19.56,95,3.33,10
Biarritz,43.4832523,-1.5592776,1719468000,light rain,20.08,94,2.68,10
Biarritz,43.4832523,-1.5592776,1719478800,light rain,21.22,87,3.06,10
Biarritz,43.4832523,-1.5592776,1719489600,scattered clouds,21.99,82,3.42,10
Biarritz,43.4832523,-1.5592776,1719500400,scattered clouds,22.12,84,2.92,10
Biarritz,43.4832523,-1.5592776,1719511200,scattered clouds,21.54,90,3.9,10
Biarritz,43.4832523,-1.5592776,1719522000,light rain,20.48,94,2.73,10
Biarritz,43.4832523,-1.5592776,1719532800,light rain,20.15,93,2.32,10
Biarritz,43.4832523,-1.5592776,1719543600,overcast clouds,19.56,92,1.84,10
Biarritz,43.4832523,-1.5592776,1719554400,overcast clouds,19.44,86,1.34,10
Biarritz,43.4832523,-1.5592776,1719565200,broken clouds,20.89,77,2.16,10
Biarritz,43.4832523,-1.5592776,1719576000,broken clouds,20.82,78,2.97,10
Biarritz,43.4832523,-1.5592776,1719586800,few clouds,20.79,79,3.85,10
Biarritz,43.4832523,-1.5592776,1719597600,scattered clouds,21.11,81,2.79,10
Biarritz,43.4832523,-1.5592776,1719608400,scattered clouds,20.43,87,2.59,10
Biarritz,43.4832523,-1.5592776,1719619200,light rain,19.98,92,4.91,10
Biarritz,43.4832523,-1.5592776,1719630000,light rain,19.4,95,6.05,10
Biarritz,43.4832523,-1.5592776,1719640800,light rain,19.17,95,6.43,10
Biarritz,43.4832523,-1.5592776,1719651600,moderate rain,19.56,93,5.24,10
Biarritz,43.4832523,-1.5592776,1719662400,light rain,20.62,85,9.33,10
Biarritz,43.4832523,-1.5592776,1719673200,light rain,19.7,89,6.02,10
Biarritz,43.4832523,-1.5592776,1719684000,light rain,18.84,88,5.11,10
Biarritz,43.4832523,-1.5592776,1719694800,light rain,18.2,84,4.7,10
Biarritz,43.4832523,-1.5592776,1719705600,overcast clouds,17.63,79,3.94,10
Biarritz,43.4832523,-1.5592776,1719716400,overcast clouds,17.47,82,2.68,10
Biarritz,43.4832523,-1.5592776,1719727200,light rain,17.47,86,2.83,10
Biarritz,43.4832523,-1.5592776,1719738000,light rain,18.67,78,1.54,10
Biarritz,43.4832523,-1.5592776,1719748800,broken clouds,18.98,76,2.35,10
Biarritz,43.4832523,-1.5592776,1719759600,scattered clouds,19.35,73,3.3,10
Biarritz,43.4832523,-1.5592776,1719770400,broken clouds,19.33,75,3.53,10
Biarritz,43.4832523,-1.5592776,1719781200,broken clouds,19.04,78,2.37,10
Biarritz,43.4832523,-1.5592776,1719792000,broken clouds,18.72,76,1.33,10
Biarritz,43.4832523,-1.5592776,1719802800,overcast clouds,18.61,75,1.88,10
Biarritz,43.4832523,-1.5592776,1719813600,overcast clouds,18.77,74,1.97,10
Biarritz,43.4832523,-1.5592776,1719824400,overcast clouds,19.72,67,2.35,10
Biarritz,43.4832523,-1.5592776,1719835200,broken clouds,20.07,68,3.29,10
Biarritz,43.4832523,-1.5592776,1719846000,few clouds,20.16,68,3.38,10
Biarritz,43.4832523,-1.5592776,1719856800,clear sky,19.97,72,2.85,10
Bayonne,43.4945144,-1.4736657,1719435600,moderate rain,23.6,88,3.84,8
Bayonne,43.4945144,-1.4736657,1719446400,light rain,21.75,91,2.59,8
Bayonne,43.4945144,-1.4736657,1719457200,overcast clouds,19.08,97,2.72,8
Bayonne,43.4945144,-1.4736657,1719468000,light rain,19.99,96,2.3,8
Bayonne,43.4945144,-1.4736657,1719478800,light rain,21.81,84,2.93,8
Bayonne,43.4945144,-1.4736657,1719489600,scattered clouds,23.05,77,3.39,8
Bayonne,43.4945144,-1.4736657,1719500400,scattered clouds,23.06,80,2.85,8
Bayonne,43.4945144,-1.4736657,1719511200,scattered clouds,21.83,89,3.78,8
Bayonne,43.4945144,-1.4736657,1719522000,light rain,20.17,96,2.56,8
Bayonne,43.4945144,-1.4736657,1719532800,light rain,20.02,95,2.04,8
Bayonne,43.4945144,-1.4736657,1719543600,overcast clouds,19.37,94,1.61,8
Bayonne,43.4945144,-1.4736657,1719554400,overcast clouds,19.28,89,1.24,8
Bayonne,43.4945144,-1.4736657,1719565200,broken clouds,21.37,75,2.04,8
Bayonne,43.4945144,-1.4736657,1719576000,broken clouds,21.96,75,2.75,8
Bayonne,43.4945144,-1.4736657,1719586800,scattered clouds,21.98,77,3.78,8
Bayonne,43.4945144,-1.4736657,1719597600,scattered clouds,21.26,81,2.88,8
Bayonne,43.4945144,-1.4736657,1719608400,scattered clouds,20.05,88,2.52,8
Bayonne,43.4945144,-1.4736657,1719619200,light rain,19.7,93,4.16,8
Bayonne,43.4945144,-1.4736657,1719630000,light rain,19.15,96,5.14,8
Bayonne,43.4945144,-1.4736657,1719640800,light rain,19.04,97,5.41,8
Bayonne,43.4945144,-1.4736657,1719651600,moderate rain,19.78,94,4.75,8
Bayonne,43.4945144,-1.4736657,1719662400,light rain,21.18,81,8.24,8
Bayonne,43.4945144,-1.4736657,1719673200,light rain,19.85,89,5.46,8
Bayonne,43.4945144,-1.4736657,1719684000,light rain,18.7,90,4.35,8
Bayonne,43.4945144,-1.4736657,1719694800,light rain,17.94,87,3.97,8
Bayonne,43.4945144,-1.4736657,1719705600,overcast clouds,17.08,81,3.48,8
Bayonne,43.4945144,-1.4736657,1719716400,overcast clouds,16.82,85,2.19,8
Bayonne,43.4945144,-1.4736657,1719727200,light rain,17.14,88,2.38,8
Bayonne,43.4945144,-1.4736657,1719738000,light rain,18.69,79,1.33,8
Bayonne,43.4945144,-1.4736657,1719748800,broken clouds,19.56,72,2.8,8
Bayonne,43.4945144,-1.4736657,1719759600,broken clouds,19.93,71,3.61,8
Bayonne,43.4945144,-1.4736657,1719770400,broken clouds,19.39,76,3.4,8
Bayonne,43.4945144,-1.4736657,1719781200,broken clouds,18.66,80,1.89,8
Bayonne,43.4945144,-1.4736657,1719792000,broken clouds,18.37,79,1.21,8
Bayonne,43.4945144,-1.4736657,1719802800,overcast clouds,18.26,78,1.7,8
Bayonne,43.4945144,-1.4736657,1719813600,overcast clouds,18.49,78,1.51,8
Bayonne,43.4945144,-1.4736657,1719824400,overcast clouds,19.99,68,2.21,8
Bayonne,43.4945144,-1.4736657,1719835200,broken clouds,20.58,67,3.67,8
Bayonne,43.4945144,-1.4736657,1719846000,few clouds,20.75,67,3.64,8
Bayonne,43.4945144,-1.4736657,1719856800,few clouds,20.04,73,2.99,8
La Rochelle,46.1591126,-1.1520434,1719435600,clear sky,24.44,74,3.8,20
La Rochelle,46.1591126,-1.1520434,1719446400,clear sky,22.31,77,2.47,20
La Rochelle,46.1591126,-1.1520434,1719457200,broken clouds,19.8,79,2.54,20
La Rochelle,46.1591126,-1.1520434,1719468000,broken clouds,19.81,81,2.97,20
La Rochelle,46.1591126,-1.1520434,1719478800,broken clouds,22.02,77,0.79,20
La Rochelle,46.1591126,-1.1520434,1719489600,broken clouds,21.27,82,5.01,20
La Rochelle,46.1591126,-1.1520434,1719500400,broken clouds,21.27,71,6.57,20
La Rochelle,46.1591126,-1.1520434,1719511200,broken clouds,20.07,77,7.35,20
La Rochelle,46.1591126,-1.1520434,1719522000,overcast clouds,18.3,83,5.96,20
La Rochelle,46.1591126,-1.1520434,1719532800,overcast clouds,17.11,89,4.82,20
La Rochelle,46.1591126,-1.1520434,1719543600,overcast clouds,16.31,90,5.77,20
La Rochelle,46.1591126,-1.1520434,1719554400,overcast clouds,15.37,80,6.07,20
La Rochelle,46.1591126,-1.1520434,1719565200,light rain,18.15,74,4.77,20
La Rochelle,46.1591126,-1.1520434,1719576000,light rain,20.24,72,3.66,20
La Rochelle,46.1591126,-1.1520434,1719586800,light rain,22.23,69,4.12,20
La Rochelle,46.1591126,-1.1520434,1719597600,broken clouds,22.1,72,5.44,20
La Rochelle,46.1591126,-1.1520434,1719608400,clear sky,19.09,81,5.54,20
La Rochelle,46.1591126,-1.1520434,1719619200,few clouds,17.69,78,5.51,20
La Rochelle,46.1591126,-1.1520434,1719630000,light rain,16.64,83,6.67,20
La Rochelle,46.1591126,-1.1520434,1719640800,light rain,16.68,87,5.98,20
La Rochelle,46.1591126,-1.1520434,1719651600,light rain,17.76,89,7.37,20
La Rochelle,46.1591126,-1.1520434,1719662400,light rain,20.25,89,5.37,20
La Rochelle,46.1591126,-1.1520434,1719673200,moderate rain,19.41,92,4.95,20
La Rochelle,46.1591126,-1.1520434,1719684000,light rain,18.21,91,7.26,20
La Rochelle,46.1591126,-1.1520434,1719694800,light rain,17.57,91,6.46,20
La Rochelle,46.1591126,-1.1520434,1719705600,light rain,16.1,84,6.48,20
La Rochelle,46.1591126,-1.1520434,1719716400,light rain,15.76,81,5.52,20
La Rochelle,46.1591126,-1.1520434,1719727200,light rain,16.19,81,4.57,20
La Rochelle,46.1591126,-1.1520434,1719738000,light rain,15.85,76,3.14,20
La Rochelle,46.1591126,-1.1520434,1719748800,broken clouds,17.52,64,2.74,20
La Rochelle,46.1591126,-1.1520434,1719759600,overcast clouds,17.9,58,3.59,20
La Rochelle,46.1591126,-1.1520434,1719770400,broken clouds,17.83,66,3.84,20
La Rochelle,46.1591126,-1.1520434,1719781200,overcast clouds,17.09,75,3.98,20
La Rochelle,46.1591126,-1.1520434,1719792000,broken clouds,16.27,87,3.74,20
La Rochelle,46.1591126,-1.1520434,1719802800,clear sky,16.16,92,2.51,20
La Rochelle,46.1591126,-1.1520434,1719813600,clear sky,17.23,91,2.21,20
La Rochelle,46.1591126,-1.1520434,1719824400,scattered clouds,18.76,83,3.94,20
La Rochelle,46.1591126,-1.1520434,1719835200,few clouds,19.14,79,5.56,20
La Rochelle,46.1591126,-1.1520434,1719846000,clear sky,19.3,77,5.96,20
La Rochelle,46.1591126,-1.1520434,1719856800,clear sky,19.03,80,5.49,20
